"","means_control","means_uc","fold_change","hmr","mar"
"HMR_4355",0.00027175644028103,0.000971051784647798,0.00214762842475215,"HMR_4355","MAR04355"
"HMR_4358",0,0.000447712644023546,0.00211867047704863,"HMR_4358","MAR04358"
"HMR_4363",0.0307855831033418,0.0846811377077557,0.00827068255992862,"HMR_4363","MAR04363"
"HMR_4365",-0.030785583103343,-0.0845541945114358,-0.00412179627379117,"HMR_4365","MAR04365"
"HMR_4368",0.0518467072251229,0.108990287369715,0.00864454035541244,"HMR_4368","MAR04368"
"HMR_4371",0.0126819672131148,0.0126819672131148,0.0020671373656139,"HMR_4371","MAR04371"
"HMR_4373",-0.0645286744382377,-0.12167225458283,-0.00451026562418464,"HMR_4373","MAR04373"
"HMR_4375",-0.0707646848185086,-0.0919255746449354,-0.000368546567016102,"HMR_4375","MAR04375"
"HMR_4381",0.0343297738975362,0.0732749669066638,0.00654984965434961,"HMR_4381","MAR04381"
"HMR_4391",-0.0184639886639375,-0.00100708716303785,0.00407648077451653,"HMR_4391","MAR04391"
"HMR_4394",0.0357102542225673,0.0152114786881914,-0.000292335162111039,"HMR_4394","MAR04394"
"HMR_4396",-0.0347116908835695,-0.0541990256100233,-0.000175915193722678,"HMR_4396","MAR04396"
"HMR_3944",0.0347116908835715,0.0558090308205933,0.00449550650922444,"HMR_3944","MAR03944"
"HMR_4128",0.0450035315988641,0.0239061916618423,-0.000361231777996652,"HMR_4128","MAR04128"
"HMR_4130",0.0450035315988641,0.0239061916618422,-0.000361231777996659,"HMR_4130","MAR04130"
"HMR_8767",0.0450035315988641,0.0239061916618422,-0.000361231777996659,"HMR_8767","MAR08767"
"HMR_0454",0,8.66010322639321e-05,0.0020771054125422,"HMR_0454","MAR00454"
"HMR_4193",0.00371948281541446,0.00558987203874471,0.00228242495589946,"HMR_4193","MAR04193"
"HMR_4304",0.000154791569086651,0.000199520010103754,0.00207228574765315,"HMR_4304","MAR04304"
"HMR_4350",0,0.00325028758704199,0.00244125552969498,"HMR_4350","MAR04350"
"HMR_4352",0.0394931462628766,0.0777701125216202,0.00647293468656639,"HMR_4352","MAR04352"
"HMR_4354",0.0610514289961886,0.121717165971346,0.00904995151112372,"HMR_4354","MAR04354"
"HMR_4404",0.0197465731314383,0.0388850562608101,0.00427003602609015,"HMR_4404","MAR04404"
"HMR_4477",-0.0165437400563212,-0.0409303547817653,-0.000739837489660043,"HMR_4477","MAR04477"
"HMR_4501",0.0197465731314383,0.0388850562608101,0.00427003602609015,"HMR_4501","MAR04501"
"HMR_4565",0.0200183295717194,0.0398561080454579,0.0043505270852284,"HMR_4565","MAR04565"
"HMR_4567",0.00027175644028103,0.000944667664232164,0.00214459153080771,"HMR_4567","MAR04567"
"HMR_8653",0.000154791569086651,0.000199520010103754,0.00207228574765315,"HMR_8653","MAR08653"
"HMR_4002",1.29119795034078,1.13788333723716,-0.0155798492609835,"HMR_4002","MAR04002"
"HMR_4004",-0.00775644028101257,-0.00775644028102982,0.00206713736561191,"HMR_4004","MAR04004"
"HMR_4020",-0.753130679156909,-0.753130679156909,0.0020671373656139,"HMR_4020","MAR04020"
"HMR_4080",0,5.41975984663515e-05,0.00207337567699184,"HMR_4080","MAR04080"
"HMR_4085",0.192839237127104,0.0353054936648942,-0.0160654842275845,"HMR_4085","MAR04085"
"HMR_4171",0.0272696693192472,0.030918701738228,0.00248715229435559,"HMR_4171","MAR04171"
"HMR_4418",0,5.41975984663515e-05,0.00207337567699184,"HMR_4418","MAR04418"
"HMR_4421",0.0317399943792204,0.0174651021699688,0.00042405307760452,"HMR_4421","MAR04421"
"HMR_4452",-0.754036533957845,-0.754036533957845,0.0020671373656139,"HMR_4452","MAR04452"
"HMR_4480",-0.0659078341912806,-0.0196686147486919,0.00738941467897218,"HMR_4480","MAR04480"
"HMR_4573",0.0700327868852458,0.0921512933041749,0.00461304593279895,"HMR_4573","MAR04573"
"HMR_4600",0.100046838407494,0.100046838407494,0.0020671373656139,"HMR_4600","MAR04600"
"HMR_4603",-0.0668136889922167,-0.0205744695496287,0.0073894146789721,"HMR_4603","MAR04603"
"HMR_4611",0.0794013188111053,0.129500611704295,0.00783372108383132,"HMR_4611","MAR04611"
"HMR_4612",0.00476110460885434,0.00090103115825424,0.00162283096075484,"HMR_4612","MAR04612"
"HMR_4651",0.0716499301671488,0.128624893047657,0.00862513198628141,"HMR_4651","MAR04651"
"HMR_4695",0.0668136889922167,0.0205744695496287,-0.00325513994774431,"HMR_4695","MAR04695"
"HMR_5353",-0.100046838407494,-0.100046838407494,0.00206713736561389,"HMR_5353","MAR05353"
"HMR_4016",-0.0359469795490474,-0.00265926245688958,0.0058986566608964,"HMR_4016","MAR04016"
"HMR_4018",0.00060526766580388,8.1521099054182e-05,0.00200685251427417,"HMR_4018","MAR04018"
"HMR_4044",49.946064029818,4.85016446947225,-5.18861051785553,"HMR_4044","MAR04044"
"HMR_4291",0,-9.3120751777165e-05,0.00205641887878473,"HMR_4291","MAR04291"
"HMR_4420",50,4.85436893203883,-5.19433476834962,"HMR_4420","MAR04420"
"HMR_4570",-0.0350163934426221,-0.00862607817322257,0.00510474435690602,"HMR_4570","MAR04570"
"HMR_4006",0.0192957002341921,0,-0.000153857470367557,"HMR_4006","MAR04006"
"HMR_4028",-0.0514625712204863,-0.000432061855678372,0.0079409069827385,"HMR_4028","MAR04028"
"HMR_4030",-0.0849573770491803,-0.0849573770491803,0.0020671373656139,"HMR_4030","MAR04030"
"HMR_4670",-0.100046838407498,-0.100046838407494,0.00206713736561439,"HMR_4670","MAR04670"
"HMR_6614",49.9849929742389,4.85364043564267,-5.19269126541373,"HMR_6614","MAR06614"
"HMR_6615",50,4.85436893203883,-5.19433476834962,"HMR_6615","MAR06615"
"HMR_4635",-50.0570729943269,-4.86271191297405,5.20407801848919,"HMR_4635","MAR04635"
"HMR_3931",0.0841624234199597,0.130401642862549,0.00738941467897226,"HMR_3931","MAR03931"
"HMR_4032",0.0845860418458118,0.0918558240573923,0.00290391180523849,"HMR_4032","MAR04032"
"HMR_4182",0.0296547284935873,0.000605511470862418,-0.00127651744938214,"HMR_4182","MAR04182"
"HMR_4194",0.0235652831018473,0.00150744859939977,-0.000471787676145324,"HMR_4194","MAR04194"
"HMR_4512",-0.0211112301838119,-0.0349904767597777,0.000469593114905132,"HMR_4512","MAR04512"
"HMR_4577",0.585927132896315,0.747097452854708,0.0206183401722767,"HMR_4577","MAR04577"
"HMR_4575",-0.038951756440281,-0.038951756440281,0.00206713736561389,"HMR_4575","MAR04575"
"HMR_4637",-0.15007025761124,-0.150070257611241,0.00206713736561378,"HMR_4637","MAR04637"
"HMR_4644",0.082698028840092,0.10343539162864,0.00445407202495448,"HMR_4644","MAR04644"
"HMR_6627",0.0779902375232508,0.140998780279853,0.00931961570983866,"HMR_6627","MAR06627"
"HMR_3967",0,-0.000465456102961598,0.00201356192712206,"HMR_3967","MAR03967"
"HMR_4024",-0.164872245184504,-0.213287544053344,-0.0035056134267958,"HMR_4024","MAR04024"
"HMR_4026",-0.0822685513796254,-0.08367808496004,0.00190489568662595,"HMR_4026","MAR04026"
"HMR_4054",0.0673722287711479,0.0466348659826012,-0.000319797293726532,"HMR_4054","MAR04054"
"HMR_4180",0.541054836488496,0.584892105802088,0.00711294278274454,"HMR_4180","MAR04180"
"HMR_4507",0.082698028840092,0.10343539162864,0.00445407202495447,"HMR_4507","MAR04507"
"HMR_4633",0.0668136889922167,0.0205744695496287,-0.00325513994774431,"HMR_4633","MAR04633"
"HMR_7160",0.500234192037471,0.500234192037471,0.0020671373656139,"HMR_7160","MAR07160"
"HMR_7162",2.10585480093677,2.10585480093677,0.0020671373656139,"HMR_7162","MAR07162"
"HMR_7800",0.0017664168618267,0.00293078332913961,0.00220115955085232,"HMR_7800","MAR07800"
"HMR_7886",-50,-4.85436893203883,5.19846904308085,"HMR_7886","MAR07886"
"HMR_8443",0,0.00161000521057004,0.00225245394988809,"HMR_8443","MAR08443"
"HMR_8448",0,-0.000621090356004217,0.00199564794275694,"HMR_8448","MAR08448"
"HMR_8450",-0.00500234192037395,-0.000109442713899184,0.00263032521257794,"HMR_8450","MAR08450"
"HMR_8456",-0.0350163934426229,-0.0449970342306111,0.000918334711091531,"HMR_8456","MAR08456"
"HMR_8461",0,-0.000109442713899186,0.00205454017041208,"HMR_8461","MAR08461"
"HMR_8463",-0.0389168728606875,-0.019840441989306,0.00426289361908315,"HMR_8463","MAR08463"
"HMR_8465",-0.0772344920713499,-0.0319646717919012,0.00727783383405818,"HMR_8465","MAR08465"
"HMR_8467",-0.331369217798595,-0.340542367745735,0.00101127940684553,"HMR_8467","MAR08467"
"HMR_8469",0,-0.000371422433440632,0.00202438549360992,"HMR_8469","MAR08469"
"HMR_3802",-0.0105729983783368,-0.00782389590366286,0.0023835675716043,"HMR_3802","MAR03802"
"HMR_3831",0,0.000246251790545917,0.00209548170909538,"HMR_3831","MAR03831"
"HMR_3899",-0.0675137947625921,-0.0514615896890009,0.00391479586682683,"HMR_3899","MAR03899"
"HMR_3956",0.0117521040045935,0.0124330394353327,0.00214551514185177,"HMR_3956","MAR03956"
"HMR_4190",-0.00468027507069225,2.82244295127147e-19,0.00260585151627014,"HMR_4190","MAR04190"
"HMR_8607",0,0.000123222744205458,0.00208132068496661,"HMR_8607","MAR08607"
"HMR_3839",0.00113231850117096,0.00450728723767081,0.00245560671600743,"HMR_3839","MAR03839"
"HMR_3841",0.00113231850117096,0.00450728723767081,0.00245560671600743,"HMR_3841","MAR03841"
"HMR_3845",-0.0023412602991071,-3.64835525319495,-0.417600361188726,"HMR_3845","MAR03845"
"HMR_4198",0,0.00349564362482591,0.00246949676926033,"HMR_4198","MAR04198"
"HMR_4658",-0.00652856167912098,-0.00866529922761335,0.00182119225849413,"HMR_4658","MAR04658"
"HMR_8566",1.09763938179779,25.4895989735191,2.80965720329564,"HMR_8566","MAR08566"
"HMR_3208",0.00351434815985064,0.00356391365196056,0.00207284250720932,"HMR_3208","MAR03208"
"HMR_3213",0.00351434815985064,0.00356391365196056,0.00207284250720932,"HMR_3213","MAR03213"
"HMR_3215",0.00351434815985064,0.00356391365196056,0.00207284250720932,"HMR_3215","MAR03215"
"HMR_6725",0.0692978922716628,0.0821856982185608,0.00355056373044051,"HMR_6725","MAR06725"
"HMR_3996",0.0193492012930982,0.00444777458858574,0.000351937017464199,"HMR_3996","MAR03996"
"HMR_4323",0,0.283631465703264,0.0347139971842866,"HMR_4323","MAR04323"
"HMR_5390",0,0.000123222744205458,0.00208132068496661,"HMR_5390","MAR05390"
"HMR_8682",0.000647344262295082,0.000612518132830086,0.00206312877029161,"HMR_8682","MAR08682"
"HMR_4116",0.000258510538641686,0.000293336668106682,0.00207114596093618,"HMR_4116","MAR04116"
"HMR_4176",0.0917264637002345,0,-0.00849086258921859,"HMR_4176","MAR04176"
"HMR_4329",0.0917264637002345,0,-0.00849086258921859,"HMR_4329","MAR04329"
"HMR_3988",0.0268400534376284,0.0325373803473507,0.00272291733171064,"HMR_3988","MAR03988"
"HMR_4158",0.426040964888253,0.445072344026474,0.00425770802511729,"HMR_4158","MAR04158"
"HMR_4159",0.045003531598866,0.0259721524606448,-0.000123433293889523,"HMR_4159","MAR04159"
"HMR_4524",0.426040964888253,0.44504127543249,0.0042541319337621,"HMR_4524","MAR04524"
"HMR_4527",0.180014126395464,0.103888609842579,-0.00669514527239977,"HMR_4527","MAR04527"
"HMR_4631",0.426040964888253,0.445072344026474,0.00425770802511729,"HMR_4631","MAR04631"
"HMR_8366",0.045003531598866,0.0258790317088677,-0.000134151780718693,"HMR_8366","MAR08366"
"HMR_8367",0,9.3120751777165e-05,0.00207785585244306,"HMR_8367","MAR08367"
"HMR_8368",0.045003531598866,0.0259721524606448,-0.000123433293889523,"HMR_8368","MAR08368"
"HMR_8373",-0.180014126395464,-0.103888609842579,0.0108294200036276,"HMR_8373","MAR08373"
"HMR_8375",0.191920127402076,0.275750327077517,0.0117162528845482,"HMR_8375","MAR08375"
"HMR_5130",2.81,2.81,0.0020671373656139,"HMR_5130","MAR05130"
"HMR_5131",8.01,8.01,0.0020671373656139,"HMR_5131","MAR05131"
"HMR_5132",5.12,5.12,0.0020671373656139,"HMR_5132","MAR05132"
"HMR_5133",3.75,3.75,0.0020671373656139,"HMR_5133","MAR05133"
"HMR_5134",5.56,5.56,0.0020671373656139,"HMR_5134","MAR05134"
"HMR_5135",1.83,1.83,0.0020671373656139,"HMR_5135","MAR05135"
"HMR_5136",4.28,4.28,0.0020671373656139,"HMR_5136","MAR05136"
"HMR_5137",7.83,7.83,0.0020671373656139,"HMR_5137","MAR05137"
"HMR_5138",7.21,7.21,0.0020671373656139,"HMR_5138","MAR05138"
"HMR_5139",2.28,2.28,0.0020671373656139,"HMR_5139","MAR05139"
"HMR_5140",4.42,4.42,0.0020671373656139,"HMR_5140","MAR05140"
"HMR_5141",9.11,9.11,0.0020671373656139,"HMR_5141","MAR05141"
"HMR_5142",7.19,7.19,0.0020671373656139,"HMR_5142","MAR05142"
"HMR_5143",2.22,2.22,0.0020671373656139,"HMR_5143","MAR05143"
"HMR_5145",3.68,3.68,0.0020671373656139,"HMR_5145","MAR05145"
"HMR_5146",5.1,5.1,0.0020671373656139,"HMR_5146","MAR05146"
"HMR_5147",6.61,6.61,0.0020671373656139,"HMR_5147","MAR05147"
"HMR_5148",5.35,5.35,0.0020671373656139,"HMR_5148","MAR05148"
"HMR_5149",0.98,0.98,0.0020671373656139,"HMR_5149","MAR05149"
"HMR_5150",6.67,6.67,0.0020671373656139,"HMR_5150","MAR05150"
"HMR_5407",0,0.00321114828310384,0.00243675047463735,"HMR_5407","MAR05407"
"HMR_0710",0,0.002636097521745,0.00237056035166156,"HMR_0710","MAR00710"
"HMR_4141",-0.0133395100003892,-0.0128971282733228,0.00211805687200247,"HMR_4141","MAR04141"
"HMR_4145",-0.0133395100003892,-0.0128971282733228,0.00211805687200247,"HMR_4145","MAR04145"
"HMR_4147",-0.00060526766580388,-8.1521099054182e-05,0.00212742221695362,"HMR_4147","MAR04147"
"HMR_4152",0.0146611844986403,0.0161076891473602,0.00223363452902531,"HMR_4152","MAR04152"
"HMR_4408",0.00366871194379391,0.00194712663218953,0.00186897756626132,"HMR_4408","MAR04408"
"HMR_4410",0.0152664521644442,0.0161563216190205,0.00216956409485015,"HMR_4410","MAR04410"
"HMR_4458",0.00192694216405496,0.00335689142646605,0.00223172895280609,"HMR_4458","MAR04458"
"HMR_4589",0,0.000140715308883382,0.0020833341333176,"HMR_4589","MAR04589"
"HMR_4652",-0.0152664521644442,-0.0161892102464143,0.0019609250535422,"HMR_4652","MAR04652"
"HMR_5297",0.0117521040045935,0.0126252965944538,0.00216764453609016,"HMR_5297","MAR05297"
"HMR_6911",0.00719398119465093,0.00664295128469555,0.00200371211700262,"HMR_6911","MAR06911"
"HMR_6912",0.0808002095029494,0.0742589837834281,0.00131422203381877,"HMR_6912","MAR06912"
"HMR_6914",0.00499976595520306,0.0052137272077397,0.00209176496819978,"HMR_6914","MAR06914"
"HMR_6916",0.142678391931558,0.133463709531308,0.00100649889290906,"HMR_6916","MAR06916"
"HMR_6918",0.0360107318895522,0.0335192649225702,0.00178036180419219,"HMR_6918","MAR06918"
"HMR_6921",0.0529926961143402,0.0500509553900406,0.00172853390068815,"HMR_6921","MAR06921"
"HMR_3960",0.753558285832151,7.12533034472848,0.735477828198322,"HMR_3960","MAR03960"
"HMR_3980",0.377036585539026,3.5629911489584,0.368780371254235,"HMR_3980","MAR03980"
"HMR_3982",0.00277865797652866,0.00281547270000561,0.00207137485426359,"HMR_3982","MAR03982"
"HMR_4767",0.000193348946135831,0.000173588121253282,0.00206486283349087,"HMR_4767","MAR04767"
"HMR_8409",0,0.000142766858535642,0.00208357027303412,"HMR_8409","MAR08409"
"HMR_8410",0.00013005599989573,0.000102059391462375,0.00206391486930639,"HMR_8410","MAR08410"
"HMR_0156",0.00109731369952321,0.00131322188105631,0.00209198906575492,"HMR_0156","MAR00156"
"HMR_0168",93.7920357488474,56.2367149293499,-4.32066655933266,"HMR_0168","MAR00168"
"HMR_0174",0.000860462811064383,0.000374843343542841,0.00201124106143592,"HMR_0174","MAR00174"
"HMR_0353",-7.23653395784175e-06,-0.000150468920366525,0.00205065087449422,"HMR_0353","MAR00353"
"HMR_0377",-2.40705341907345e-05,-0.000133884252487726,0.00205449746665727,"HMR_0377","MAR00377"
"HMR_2982",7.23653395784175e-06,0.000150468920366525,0.00208362385673357,"HMR_2982","MAR02982"
"HMR_2591",0.00181170960187356,0.00184249096135819,0.00207068039538893,"HMR_2591","MAR02591"
"HMR_2594",-0.000906822800336709,-0.000547260192184405,0.00210852413500945,"HMR_2594","MAR02594"
"HMR_2714",7.23653395784175e-06,0.000150468920366525,0.00208362385673357,"HMR_2714","MAR02714"
"HMR_2730",2.13405597986489e-05,0.000129629654436648,0.00207960177566717,"HMR_2730","MAR02730"
"HMR_2593",-0.00181170960187356,-0.00184249096135819,0.00206359433583886,"HMR_2593","MAR02593"
"HMR_2655",-0.00016691994202132,-0.000224797382269271,0.00206047549305419,"HMR_2655","MAR02655"
"HMR_2656",0.000253969122349188,0.000281850084960326,0.00207034655072923,"HMR_2656","MAR02656"
"HMR_2673",0.000507265660693843,0.000408282037849913,0.00205574404417363,"HMR_2673","MAR02673"
"HMR_2674",-0.000557150032437113,-0.000462312856749524,0.00207805341814916,"HMR_2674","MAR02674"
"HMR_2731",-1.36515821718275e-20,-0.000112526983265179,0.00205418516145923,"HMR_2731","MAR02731"
"HMR_2732",-2.13405597986489e-05,-0.00012962965443665,0.00205467295556062,"HMR_2732","MAR02732"
"HMR_2744",-0.000977462992112039,-0.00071160984162379,0.00209773788631008,"HMR_2744","MAR02744"
"HMR_2745",0.00112423432456778,0.000819365024116575,0.00203204596526391,"HMR_2745","MAR02745"
"HMR_2817",0.000253969122349188,0.000281850084960326,0.00207034655072923,"HMR_2817","MAR02817"
"HMR_2819",-0.000253969122349188,-0.000281850084960326,0.00206392818049856,"HMR_2819","MAR02819"
"HMR_2861",7.23653395784175e-06,0.000150468920366525,0.00208362385673357,"HMR_2861","MAR02861"
"HMR_2862",-7.23653395784175e-06,-0.000150468920366525,0.00205065087449422,"HMR_2862","MAR02862"
"HMR_0670",0.00069807962529274,0.000300000906807085,0.00202131727267401,"HMR_0670","MAR00670"
"HMR_0681",0.00069807962529274,0.000300000906807085,0.00202131727267401,"HMR_0681","MAR00681"
"HMR_3430",1.21027219254196e-20,5.08169715330622e-05,0.00207298655636548,"HMR_3430","MAR03430"
"HMR_7942",-0.00129660462290767,-0.00132622541552034,0.00206372792067891,"HMR_7942","MAR07942"
"HMR_7943",0.00129660462290767,0.00132622541552034,0.00207054681054888,"HMR_7943","MAR07943"
"HMR_0736",0.253616674473069,0.253715700870832,0.00207853561057986,"HMR_0736","MAR00736"
"HMR_0753",-0.00139615925058548,-0.000592471289069481,0.00215964433818307,"HMR_0753","MAR00753"
"HMR_0758",2.50768093676815,2.50777996316591,0.00207853561057974,"HMR_0758","MAR00758"
"HMR_0762",0.0274169112857917,0.0119892754270094,0.000291368714676796,"HMR_0762","MAR00762"
"HMR_8219",0.00139615925058548,0.000592471289069481,0.00197463039304472,"HMR_8219","MAR08219"
"HMR_0453",0,-8.66010322639321e-05,0.00205716931868559,"HMR_0453","MAR00453"
"HMR_4390",-0.00240051522248244,-0.000379621090298477,0.00229974853686812,"HMR_4390","MAR04390"
"HMR_0448",0.000504168618266979,0.000205869349998493,0.0020328021963088,"HMR_0448","MAR00448"
"HMR_0479",0.00620708097659175,0.00719087982556767,0.00218037565894871,"HMR_0479","MAR00479"
"HMR_0579",0.0849573770491803,0.0849573770491803,0.0020671373656139,"HMR_0579","MAR00579"
"HMR_0580",0.0849573770491803,0.0849573770491803,0.0020671373656139,"HMR_0580","MAR00580"
"HMR_0581",0.0849573770491803,0.0849573770491803,0.0020671373656139,"HMR_0581","MAR00581"
"HMR_0586",0.0822685513796254,0.08367808496004,0.00222937904460184,"HMR_0586","MAR00586"
"HMR_0598",0.000775644028103044,0.000775644028103044,0.0020671373656139,"HMR_0598","MAR00598"
"HMR_0614",7.75644028103044e-05,0.000475643121295959,0.00211295745855378,"HMR_0614","MAR00614"
"HMR_0632",2.33776618266979,2.33786520906755,0.00207853561057974,"HMR_0632","MAR00632"
"HMR_0651",7.75644028103044e-05,0.000475643121295959,0.00211295745855378,"HMR_0651","MAR00651"
"HMR_0819",0.045003531598866,0.0259721524606448,-0.000123433293889523,"HMR_0819","MAR00819"
"HMR_0821",0.045003531598866,0.0259721524606448,-0.000123433293889523,"HMR_0821","MAR00821"
"HMR_0845",0.045003531598866,0.0259721524606448,-0.000123433293889523,"HMR_0845","MAR00845"
"HMR_0847",0.045003531598866,0.0259721524606448,-0.000123433293889523,"HMR_0847","MAR00847"
"HMR_7571",0.000213302107728121,0.000163788908846804,0.00206143824313098,"HMR_7571","MAR07571"
"HMR_7572",0.000213302107728121,0.000163788908846804,0.00206143824313098,"HMR_7572","MAR07572"
"HMR_7573",0.000213302107728121,0.000163788908846804,0.00206143824313098,"HMR_7573","MAR07573"
"HMR_1684",0.000239359911112577,8.25835171149021e-05,0.0020490919172888,"HMR_1684","MAR01684"
"HMR_1692",-0.000239359911112577,-8.25835171149021e-05,0.00208518281393899,"HMR_1692","MAR01692"
"HMR_1694",-0.000239359911112577,-8.25835171149022e-05,0.00208518281393899,"HMR_1694","MAR01694"
"HMR_1774",0.000239359911112577,8.25835171149021e-05,0.0020490919172888,"HMR_1774","MAR01774"
"HMR_1830",0,14.8387258175947,1.71005041931063,"HMR_1830","MAR01830"
"HMR_1832",-7.7715611723761e-17,-0.227444167112651,-0.0241123904307482,"HMR_1832","MAR01832"
"HMR_1834",7.7715611723761e-17,15.0661699847074,1.73622994710699,"HMR_1834","MAR01834"
"HMR_1835",7.7715611723761e-17,0.22744416711265,0.0282466651619758,"HMR_1835","MAR01835"
"HMR_1841",0,0.551168544695178,0.0655083432646472,"HMR_1841","MAR01841"
"HMR_1844",7.31537357880028,44.099428008659,4.23602568479419,"HMR_1844","MAR01844"
"HMR_1855",0,0.000794982378754461,0.00215864229865494,"HMR_1855","MAR01855"
"HMR_1877",0,-0.000794982378754461,0.00197563243257285,"HMR_1877","MAR01877"
"HMR_4262",-0.0247298360655735,-0.0284206101602225,0.00164231784077156,"HMR_4262","MAR04262"
"HMR_4265",0.0105985011709602,0.00690772707631152,0.0016423178407716,"HMR_4265","MAR04265"
"HMR_4269",0.00543512880562051,0.00543512880561987,0.00206713736561382,"HMR_4269","MAR04269"
"HMR_8791",0.0105985011709602,0.00690772707631139,0.00164231784077158,"HMR_8791","MAR08791"
"HMR_4308",3.46944695195361e-19,0.00104091725170224,0.00218695016393971,"HMR_4308","MAR04308"
"HMR_3929",-0.00652856167912098,-0.00866529922761339,0.00182119225849413,"HMR_3929","MAR03929"
"HMR_4332",0.00200335812548107,-4.78274741526898,-0.548672490125926,"HMR_4332","MAR04332"
"HMR_4333",-0.541232051514572,-0.512517021463846,0.00537232622549799,"HMR_4333","MAR04333"
"HMR_4654",9.96584562978005e-05,4.84047591501493,0.559209430184515,"HMR_4654","MAR04654"
"HMR_4655",-0.62202638068548,-10.2391757433764,-1.10489652874428,"HMR_4655","MAR04655"
"HMR_7920",0.226180393558371,0.372466580946738,0.0189051304325486,"HMR_7920","MAR07920"
"HMR_8129",0.28028556230846,0.195090835409476,-0.00773903946129395,"HMR_8129","MAR08129"
"HMR_8132",1.05273338239759,1.7281713474592,0.0798121382839736,"HMR_8132","MAR08132"
"HMR_8144",0.00652856167912098,0.00866529922761339,0.00231308247273366,"HMR_8144","MAR08144"
"HMR_7663",0.000504168618266979,0.000670216684477389,0.00208625001211555,"HMR_7663","MAR07663"
"HMR_6630",0.00189448946135831,0.00144028427796702,0.00201485694279718,"HMR_6630","MAR06630"
"HMR_6632",0.00261148986880931,0.00268583910243908,0.00207569519258813,"HMR_6632","MAR06632"
"HMR_6634",0.000775644028103044,0.000775644028103044,0.0020671373656139,"HMR_6634","MAR06634"
"HMR_6638",0.00731512838843986,0.0146434196121035,0.00291064637367175,"HMR_6638","MAR06638"
"HMR_6641",0.000386697892271663,0.000386697892271663,0.0020671373656139,"HMR_6641","MAR06641"
"HMR_6642",0.000386697892271663,0.000386697892271663,0.0020671373656139,"HMR_6642","MAR06642"
"HMR_6643",0.00100743793911007,0.000963121347854757,0.0020620363887573,"HMR_6643","MAR06643"
"HMR_6644",0.0183916026993246,0.025939026882133,0.00293586925569971,"HMR_6644","MAR06644"
"HMR_6647",0.00100624396716997,0.00102592050122492,0.0020694021956017,"HMR_6647","MAR06647"
"HMR_6648",0.000386697892271663,0.000386697892271663,0.0020671373656139,"HMR_6648","MAR06648"
"HMR_6649",0.000386697892271663,0.000386697892271663,0.0020671373656139,"HMR_6649","MAR06649"
"HMR_6650",0.00067672131147541,0.000715203383279143,0.00207156677121808,"HMR_6650","MAR06650"
"HMR_6651",0.00034903981264637,0.000425474636774971,0.00207593525051148,"HMR_6651","MAR06651"
"HMR_6652",0.000290023419203747,0.000328505491007481,0.00207156677121808,"HMR_6652","MAR06652"
"HMR_6653",0.000386697892271663,0.000386697892271663,0.0020671373656139,"HMR_6653","MAR06653"
"HMR_6654",0.000386697892271663,0.000386697892271663,0.0020671373656139,"HMR_6654","MAR06654"
"HMR_6655",0.000386697892271663,0.000386697892271663,0.0020671373656139,"HMR_6655","MAR06655"
"HMR_6656",0.000386697892271663,0.000386697892271663,0.0020671373656139,"HMR_6656","MAR06656"
"HMR_6657",0.000386697892271663,0.000386697892271663,0.0020671373656139,"HMR_6657","MAR06657"
"HMR_6658",0.000386697892271663,0.000386697892271663,0.0020671373656139,"HMR_6658","MAR06658"
"HMR_6660",-9.66744730679157e-05,-5.81924012641823e-05,0.00207156677121808,"HMR_6660","MAR06660"
"HMR_6662",-0.000174519906323185,-0.000198079388016944,0.00206442559633135,"HMR_6662","MAR06662"
"HMR_6664",0.000386697892271663,0.000386697892271663,0.0020671373656139,"HMR_6664","MAR06664"
"HMR_6665",0.000386697892271663,0.000386697892271663,0.0020671373656139,"HMR_6665","MAR06665"
"HMR_6668",0.000386697892271663,0.000386697892271663,0.0020671373656139,"HMR_6668","MAR06668"
"HMR_6669",0.000386697892271663,0.000386697892271663,0.0020671373656139,"HMR_6669","MAR06669"
"HMR_6672",0,0.000257704121702739,0.00209679990786767,"HMR_6672","MAR06672"
"HMR_6673",-0.000541826697892272,-0.000558017325663355,0.00206527377423165,"HMR_6673","MAR06673"
"HMR_6675",-0.000386697892271663,-0.000640647665505865,0.00203790696049222,"HMR_6675","MAR06675"
"HMR_6676",0.000155128805620609,0.000171319433391692,0.00206900095699614,"HMR_6676","MAR06676"
"HMR_6677",0.000386697892271663,0.000386697892271663,0.0020671373656139,"HMR_6677","MAR06677"
"HMR_6678",0.000386697892271663,0.000386697892271663,0.0020671373656139,"HMR_6678","MAR06678"
"HMR_6682",0.000775644028103044,0.000775644028103044,0.0020671373656139,"HMR_6682","MAR06682"
"HMR_6687",0.000775644028103044,0.000775644028103044,0.0020671373656139,"HMR_6687","MAR06687"
"HMR_6690",-0.000775644028103044,-0.000775644028103044,0.0020671373656139,"HMR_6690","MAR06690"
"HMR_6691",-0.000775644028103044,-0.000775644028103044,0.0020671373656139,"HMR_6691","MAR06691"
"HMR_6692",0.000775644028103044,0.000775644028103044,0.0020671373656139,"HMR_6692","MAR06692"
"HMR_6693",0.000775644028103044,0.000775644028103044,0.0020671373656139,"HMR_6693","MAR06693"
"HMR_6700",0.000386697892271663,0.000386697892271663,0.0020671373656139,"HMR_6700","MAR06700"
"HMR_6701",0.000386697892271663,0.000386697892271663,0.0020671373656139,"HMR_6701","MAR06701"
"HMR_6702",0.000386697892271663,0.000386697892271663,0.0020671373656139,"HMR_6702","MAR06702"
"HMR_6703",0.000386697892271663,0.000386697892271663,0.0020671373656139,"HMR_6703","MAR06703"
"HMR_8698",2.41615925058548e-05,0.00063824855285677,0.00213782067594881,"HMR_8698","MAR08698"
"HMR_8702",-0.000154903981264637,-0.000199220572519952,0.0020620363887573,"HMR_8702","MAR08702"
"HMR_8709",-0.00696608857579349,-0.0142179449753285,0.00123242624245363,"HMR_8709","MAR08709"
"HMR_8711",-0.000426604215456674,-0.000350169391328073,0.00207593525051148,"HMR_8711","MAR08711"
"HMR_4204",0.000775644028103044,0.000775644028103044,0.0020671373656139,"HMR_4204","MAR04204"
"HMR_8613",0.000387822014051522,0.000387822014051522,0.0020671373656139,"HMR_8613","MAR08613"
"HMR_8615",0.000775644028103044,0.000775644028103045,0.0020671373656139,"HMR_8615","MAR08615"
"HMR_8616",0.000775644028103044,0.000775644028103045,0.0020671373656139,"HMR_8616","MAR08616"
"HMR_2129",0.000386697892271663,0.000386697892271663,0.0020671373656139,"HMR_2129","MAR02129"
"HMR_2130",-0.000386697892271663,-0.000386697892271663,0.0020671373656139,"HMR_2130","MAR02130"
"HMR_2131",0.000386697892271663,0.000386697892271663,0.0020671373656139,"HMR_2131","MAR02131"
"HMR_2132",0.000386697892271663,0.000386697892271663,0.0020671373656139,"HMR_2132","MAR02132"
"HMR_2133",0.000386697892271663,0.000386697892271663,0.0020671373656139,"HMR_2133","MAR02133"
"HMR_2134",0.000386697892271663,0.000386697892271663,0.0020671373656139,"HMR_2134","MAR02134"
"HMR_2135",0.000386697892271663,0.000386697892271663,0.0020671373656139,"HMR_2135","MAR02135"
"HMR_2136",0.000386697892271663,0.000386697892271663,0.0020671373656139,"HMR_2136","MAR02136"
"HMR_2137",0.000386697892271663,0.000386697892271663,0.0020671373656139,"HMR_2137","MAR02137"
"HMR_2139",0.000386697892271663,0.000386697892271663,0.0020671373656139,"HMR_2139","MAR02139"
"HMR_2142",0.000386697892271663,0.000386697892271663,0.0020671373656139,"HMR_2142","MAR02142"
"HMR_2143",0.000386697892271663,0.000386697892271663,0.0020671373656139,"HMR_2143","MAR02143"
"HMR_2144",0.000386697892271663,0.000386697892271663,0.0020671373656139,"HMR_2144","MAR02144"
"HMR_2145",0.000386697892271663,0.000386697892271663,0.0020671373656139,"HMR_2145","MAR02145"
"HMR_6426",0.000775644028103044,0.000775644028103044,0.0020671373656139,"HMR_6426","MAR06426"
"HMR_6428",0.000775644028103044,0.000775644028103044,0.0020671373656139,"HMR_6428","MAR06428"
"HMR_6432",0.000775644028103044,0.000775644028103044,0.0020671373656139,"HMR_6432","MAR06432"
"HMR_6433",0.000775644028103044,0.000775644028103044,0.0020671373656139,"HMR_6433","MAR06433"
"HMR_6434",0.000775644028103044,0.000775644028103044,0.0020671373656139,"HMR_6434","MAR06434"
"HMR_6435",0.000775644028103044,0.000775644028103044,0.0020671373656139,"HMR_6435","MAR06435"
"HMR_6436",0.000775644028103044,0.000775644028103044,0.0020671373656139,"HMR_6436","MAR06436"
"HMR_6441",0.000775644028103044,0.000771878765830699,0.00206670397226919,"HMR_6441","MAR06441"
"HMR_6443",0.000775644028103044,0.000771878765830699,0.00206670397226919,"HMR_6443","MAR06443"
"HMR_6447",0.000775644028103044,0.000771878765830699,0.00206670397226919,"HMR_6447","MAR06447"
"HMR_6448",0.000775644028103044,0.000771878765830699,0.00206670397226919,"HMR_6448","MAR06448"
"HMR_6450",0.000775644028103044,0.000771878765830699,0.00206670397226919,"HMR_6450","MAR06450"
"HMR_6451",0.000775644028103044,0.000771878765830699,0.00206670397226919,"HMR_6451","MAR06451"
"HMR_6453",0.000775644028103044,0.000775644028103044,0.0020671373656139,"HMR_6453","MAR06453"
"HMR_6490",0.000232693208430913,0.00036146517814592,0.00208195941800303,"HMR_6490","MAR06490"
"HMR_6492",-0.000542950819672131,-0.000414178849957089,0.00208195941800303,"HMR_6492","MAR06492"
"HMR_5127",-0.0152618702367502,-0.0285122063852452,0.000541982652198653,"HMR_5127","MAR05127"
"HMR_5406",0,-0.000379683327579612,0.00202343463911899,"HMR_5406","MAR05406"
"HMR_8617",0.000775644028103044,0.000775644028103045,0.0020671373656139,"HMR_8617","MAR08617"
"HMR_8749",0,0.000379683327579612,0.0021108400921088,"HMR_8749","MAR08749"
"HMR_0018",-0.478662295081967,-0.478662295081967,0.00206713736561392,"HMR_0018","MAR00018"
"HMR_0167",-93.7920357488474,-56.2367149293499,4.32480083406388,"HMR_0167","MAR00167"
"HMR_0173",-0.000860462811064383,-0.000374843343542841,0.00212303366979187,"HMR_0173","MAR00173"
"HMR_0352",0.000253969122349188,0.000281850084960326,0.00207034655072923,"HMR_0352","MAR00352"
"HMR_0376",2.40705341907345e-05,0.000133884252487728,0.00207977726457052,"HMR_0376","MAR00376"
"HMR_0770",-0.0274169112857917,-0.0119892754270094,0.00384290601655099,"HMR_0770","MAR00770"
"HMR_3959",-1.5071165716643,-14.2506338901348,-1.46475115961485,"HMR_3959","MAR03959"
"HMR_4063",-0.000775644028103044,-0.000775644028103044,0.0020671373656139,"HMR_4063","MAR04063"
"HMR_4845",0,7.70220267916482,0.888614511572573,"HMR_4845","MAR04845"
"HMR_4847",0.126025548134887,0.0147310241152655,-0.0107432069142263,"HMR_4847","MAR04847"
"HMR_4848",0,5.41975984663515e-05,0.00207337567699184,"HMR_4848","MAR04848"
"HMR_4858",-17.4376790205914,-35.4001228188896,-2.06546575511446,"HMR_4858","MAR04858"
"HMR_4885",-785.86098505952,-756.94628800468,3.33023828758758,"HMR_4885","MAR04885"
"HMR_4896",-0.00185657819078686,-0.000996666388414863,0.00216611587633326,"HMR_4896","MAR04896"
"HMR_4919",0,0.00334014712397422,0.00245159864059885,"HMR_4919","MAR04919"
"HMR_4947",-1.13698954508817,-1.12203319917783,0.00378865908438356,"HMR_4947","MAR04947"
"HMR_4958",0,0.0032502875870419,0.00244125552969497,"HMR_4958","MAR04958"
"HMR_4969",-0.0353283372365337,-0.0353283372365339,0.00206713736561387,"HMR_4969","MAR04969"
"HMR_4983",0.0069545292740046,0.00294163416083801,0.00160524071426123,"HMR_4983","MAR04983"
"HMR_4985",-0.61557291479848,-0.604837171360559,0.00330285467292321,"HMR_4985","MAR04985"
"HMR_4990",-0.0152618702367502,-0.312143672088508,-0.0321048771664741,"HMR_4990","MAR04990"
"HMR_5003",-0.0929925050643797,-0.104251951832018,0.000771140183681074,"HMR_5003","MAR05003"
"HMR_5029",-35.3300146131661,-35.4009624897792,-0.00609918288547685,"HMR_5029","MAR05029"
"HMR_5034",-0.0148780892480493,-0.00520030502788846,0.00318108029154265,"HMR_5034","MAR05034"
"HMR_5037",-0.00511807962529274,-0.017584703625005,0.000632190346877586,"HMR_5037","MAR05037"
"HMR_5038",0,0.0142696119300615,0.00370961387714087,"HMR_5038","MAR05038"
"HMR_5041",0,0.00366886610127101,0.0024894352125918,"HMR_5041","MAR05041"
"HMR_5070",71.8669467036671,83.9229544435813,1.38975095334106,"HMR_5070","MAR05070"
"HMR_5073",0,0.0576405283828854,0.00870174063617985,"HMR_5073","MAR05073"
"HMR_5074",50,-0.0693911689138493,-5.76107479981267,"HMR_5074","MAR05074"
"HMR_5077",0,0.247647622886315,0.03057214547094,"HMR_5077","MAR05077"
"HMR_5078",-16.5256488146877,42.3548001033598,6.77938910029302,"HMR_5078","MAR05078"
"HMR_5079",0.228028109227249,0.0135303692565453,-0.0226222165848815,"HMR_5079","MAR05079"
"HMR_5080",12.4422433179701,-0.0240062754371206,-1.43283678604584,"HMR_5080","MAR05080"
"HMR_5082",0,0.0609866249168738,0.00908688670667667,"HMR_5082","MAR05082"
"HMR_5084",0,0.0354685637850009,0.00614967886709179,"HMR_5084","MAR05084"
"HMR_5085",0,-0.117474662370226,-0.0114545599719412,"HMR_5085","MAR05085"
"HMR_5088",13.0787194288216,0,-1.50333396029397,"HMR_5088","MAR05088"
"HMR_5089",0,-0.215840453832337,-0.0227767671073655,"HMR_5089","MAR05089"
"HMR_5091",0,0.15402469904015,0.0197958570819157,"HMR_5091","MAR05091"
"HMR_5092",0,-0.160950348008403,-0.0164587459885773,"HMR_5092","MAR05092"
"HMR_5129",0,0.0120711312054029,0.00345656193928897,"HMR_5129","MAR05129"
"HMR_5303",-844.060685969681,-843.947835638049,0.0150565599183284,"HMR_5303","MAR05303"
"HMR_5305",0.360963389425743,0.0602113829266424,-0.0325503497034441,"HMR_5305","MAR05305"
"HMR_5307",1.47007670667965,2.60043145641833,0.132174468611777,"HMR_5307","MAR05307"
"HMR_5314",0.591666370023419,0.0930866263684854,-0.0553209347200183,"HMR_5314","MAR05314"
"HMR_5315",0.37192768428293,0.0379483185921193,-0.0363749216175185,"HMR_5315","MAR05315"
"HMR_5316",0.676464910226386,0.189689145694304,-0.0539622601781413,"HMR_5316","MAR05316"
"HMR_5318",0.0136479625292741,0.0138782337827698,0.00209364229980554,"HMR_5318","MAR05318"
"HMR_5319",0.37192768428293,0.036724894840954,-0.0365157414789683,"HMR_5319","MAR05319"
"HMR_5322",0,0.0412237875446216,0.00681212293985909,"HMR_5322","MAR05322"
"HMR_5324",0,0.0104777744935313,0.00327316164875832,"HMR_5324","MAR05324"
"HMR_5326",0.377560741062215,0.100636732738982,-0.0298076733424899,"HMR_5326","MAR05326"
"HMR_5330",5.20381365504325,6.33196170204869,0.131920470295283,"HMR_5330","MAR05330"
"HMR_5430",507.794875645435,353.807471864994,-17.7223597790785,"HMR_5430","MAR05430"
"HMR_5435",0,0.551168544695178,0.0655083432646472,"HMR_5435","MAR05435"
"HMR_5436",7.31537357880028,44.099428008659,4.23602568479419,"HMR_5436","MAR05436"
"HMR_5458",0,-1.38790905074432,-0.157685491308249,"HMR_5458","MAR05458"
"HMR_5459",0,-0.48675619682557,-0.0539600078745406,"HMR_5459","MAR05459"
"HMR_5460",-0.0917264637002345,0.185465294221271,0.0339727668814252,"HMR_5460","MAR05460"
"HMR_5461",0,0.0211297634574477,0.0044992385568079,"HMR_5461","MAR05461"
"HMR_5462",0,0.0240000522953094,0.0048296176883913,"HMR_5462","MAR05462"
"HMR_5463",0,1.63476168861877,0.190233268908683,"HMR_5463","MAR05463"
"HMR_5464",0,0.780012040247465,0.0918489380966986,"HMR_5464","MAR05464"
"HMR_5465",0,-0.369466143416503,-0.0404595595999598,"HMR_5465","MAR05465"
"HMR_5466",0,1.26507754857407,0.147681479856291,"HMR_5466","MAR05466"
"HMR_5467",-4.99600361081321e-17,3.06242099984267,0.3545612756296,"HMR_5467","MAR05467"
"HMR_5468",0,-0.189010521515109,-0.0196885588328244,"HMR_5468","MAR05468"
"HMR_5469",0,2.69062621948125,0.311766545342262,"HMR_5469","MAR05469"
"HMR_5470",0,2.05357173096926,0.238439601409088,"HMR_5470","MAR05470"
"HMR_5472",4.44089209850063e-17,1.85852134109233,0.215988697662917,"HMR_5472","MAR05472"
"HMR_5473",-2.38858430913349,-0.796306558504112,0.185343236116849,"HMR_5473","MAR05473"
"HMR_5474",0,-0.200801614151238,-0.0210457501001834,"HMR_5474","MAR05474"
"HMR_5477",0.37243868852459,0,-0.0408017087448291,"HMR_5477","MAR05477"
"HMR_5482",-0.876086028802052,-0.40324414985262,0.05649270153983,"HMR_5482","MAR05482"
"HMR_5488",0.00707929742388762,0.0108214297082831,0.00249786837709978,"HMR_5488","MAR05488"
"HMR_5489",0.00353964871194381,0.00206193128851096,0.00189704751519901,"HMR_5489","MAR05489"
"HMR_5490",0.572517611241217,0.573921888997521,0.00222877408297475,"HMR_5490","MAR05490"
"HMR_5491",50.4288374238876,0.326606002592028,-5.76485481453444,"HMR_5491","MAR05491"
"HMR_5493",0.597720140515222,0.598059102794388,0.00210615297336499,"HMR_5493","MAR05493"
"HMR_5494",1.0328631381733,0.575580826256381,-0.0505674724711131,"HMR_5494","MAR05494"
"HMR_5496",1.62351761124122,1.03784268210112,-0.0653458602139701,"HMR_5496","MAR05496"
"HMR_5497",0.976328571428572,0.840089712967695,-0.013614377035477,"HMR_5497","MAR05497"
"HMR_5499",0.825657845433255,0.603209356312953,-0.0235373724273293,"HMR_5499","MAR05499"
"HMR_5500",0,-0.011165084923035,0.000782001524136964,"HMR_5500","MAR05500"
"HMR_5501",0,0.00103096564425548,0.00218580470311265,"HMR_5501","MAR05501"
"HMR_5502",-0.572517611241217,-0.314646065346399,0.0317489506622396,"HMR_5502","MAR05502"
"HMR_5503",0.285891615925059,0.180845023987631,-0.0100240505881176,"HMR_5503","MAR05503"
"HMR_5504",-0.350748367566858,-0.124544610797069,0.0281038900912317,"HMR_5504","MAR05504"
"HMR_5505",-0.801160608899298,-0.330881835337987,0.0561976801743443,"HMR_5505","MAR05505"
"HMR_5506",-1.06821770951166,-0.37007702337197,0.0824252917671411,"HMR_5506","MAR05506"
"HMR_5508",0.337485761124122,0.542085791591824,0.0256172343092422,"HMR_5508","MAR05508"
"HMR_5509",0.570147166276347,0.459375928630298,-0.010682975032546,"HMR_5509","MAR05509"
"HMR_5511",-0.225619859484778,-0.473678824947137,-0.0264852175437217,"HMR_5511","MAR05511"
"HMR_5518",0,0.0108214297082831,0.00331271742792457,"HMR_5518","MAR05518"
"HMR_5528",0,0.00240558650326278,0.00234402781977766,"HMR_5528","MAR05528"
"HMR_5535",-0.186219344262295,0,0.0235015604208354,"HMR_5535","MAR05535"
"HMR_5537",0.381678407494145,0.203360328323596,-0.0184578256154201,"HMR_5537","MAR05537"
"HMR_5545",0.142945807962529,0.140745117209704,0.00181383104667779,"HMR_5545","MAR05545"
"HMR_5552",0.179606413524354,0.0939077504123771,-0.00779704407958384,"HMR_5552","MAR05552"
"HMR_5558",0.203440468384075,0.242544380527957,0.00656811871815046,"HMR_5558","MAR05558"
"HMR_5563",1.12757025938493e-17,0.182971637977293,0.0231277393726108,"HMR_5563","MAR05563"
"HMR_5568",0.674971522248244,0.426901243495497,-0.026486519738471,"HMR_5568","MAR05568"
"HMR_5569",0.552959555035129,0.388358363838931,-0.0168789693424156,"HMR_5569","MAR05569"
"HMR_5570",0.173062211397584,0,-0.017852858962711,"HMR_5570","MAR05570"
"HMR_5571",0.794844473067916,0.467562806282758,-0.0356039957375624,"HMR_5571","MAR05571"
"HMR_5573",0.173062211397584,0,-0.017852858962711,"HMR_5573","MAR05573"
"HMR_5580",0.624920936768149,0.516216784520588,-0.0104450471035332,"HMR_5580","MAR05580"
"HMR_5602",0,0.87043467088685,0.102256862829591,"HMR_5602","MAR05602"
"HMR_5617",0,0.0990925582034516,0.0134729976030189,"HMR_5617","MAR05617"
"HMR_5632",0,0.16032182123158,0.0205206753418889,"HMR_5632","MAR05632"
"HMR_5647",0,0.0980090602489174,0.0133482836339683,"HMR_5647","MAR05647"
"HMR_5649",0,0.00206193128851096,0.00230447204061141,"HMR_5649","MAR05649"
"HMR_5650",0,0.000343655214751826,0.00210669314478015,"HMR_5650","MAR05650"
"HMR_5657",12.4457829666821,0.000343655214751826,-1.43044145816642,"HMR_5657","MAR05657"
"HMR_5662",0,0.0178396099347696,0.00412053170011111,"HMR_5662","MAR05662"
"HMR_5664",0.00353964871194381,0.0013746208590073,0.00181793595686651,"HMR_5664","MAR05664"
"HMR_5665",0.00353964871194381,0.00206193128851096,0.00189704751519901,"HMR_5665","MAR05665"
"HMR_5666",12.4422433179701,0,-1.43007358942017,"HMR_5666","MAR05666"
"HMR_5672",0,0.00171827607375913,0.00226491626144516,"HMR_5672","MAR05672"
"HMR_5907",0,0.00855864123144086,0.00305226346870108,"HMR_5907","MAR05907"
"HMR_5955",0,0.00229058002319184,0.00233079021786419,"HMR_5955","MAR05955"
"HMR_5994",0.00362551281650601,0.00279084305032552,0.00197106429140891,"HMR_5994","MAR05994"
"HMR_5995",0,0.00035210217961734,0.00210766541658777,"HMR_5995","MAR05995"
"HMR_5996",0,0.000253349243579561,0.0020962986479131,"HMR_5996","MAR05996"
"HMR_5997",0.0119070982508999,0.0111487490585388,0.00197984902574219,"HMR_5997","MAR05997"
"HMR_6051",0.000681224416904972,0.000973169898289189,0.00210074119437744,"HMR_6051","MAR06051"
"HMR_6055",0.00840494152769515,0.00163052003494875,0.00128738047835204,"HMR_6055","MAR06055"
"HMR_6060",-0.163766370023419,-0.162777431485154,0.0021809672530983,"HMR_6060","MAR06060"
"HMR_6095",-0.000193348946135831,-0.000172649534136118,0.00206951993201995,"HMR_6095","MAR06095"
"HMR_6096",0.00840494152769515,0.00163052003494875,0.00128738047835204,"HMR_6096","MAR06096"
"HMR_6103",0,-0.000214655571509546,0.00204242984476464,"HMR_6103","MAR06103"
"HMR_6250",-0.00012567681498829,-0.000136044636566713,0.00206594399725169,"HMR_6250","MAR06250"
"HMR_6353",0,1.29379424697369,0.150986860748298,"HMR_6353","MAR06353"
"HMR_6356",0.045539610249094,0.0384929267938758,0.00125604228355501,"HMR_6356","MAR06356"
"HMR_6357",0,5.03291343122923,0.581371055079584,"HMR_6357","MAR06357"
"HMR_6359",0.121812862604258,0.0950432518065669,-0.00101412771527448,"HMR_6359","MAR06359"
"HMR_6360",0.0665318505418561,0.0989690582172495,0.00580076039387003,"HMR_6360","MAR06360"
"HMR_6361",0.477717059917704,0.46697605351087,0.00083081427428871,"HMR_6361","MAR06361"
"HMR_6366",-0.0450476647954527,-0.0219091900492851,0.00473044744506162,"HMR_6366","MAR06366"
"HMR_6377",0,0.00889668720583888,0.00309117360693654,"HMR_6377","MAR06377"
"HMR_6380",45.176485634961,51.7191232956272,0.75514498795785,"HMR_6380","MAR06380"
"HMR_6381",10.5993757532041,6.17128708332497,-0.507619577793981,"HMR_6381","MAR06381"
"HMR_6382",5.77365861313016,5.63571586772833,-0.0138104996975735,"HMR_6382","MAR06382"
"HMR_6384",73.8729119495687,86.3721863209829,1.44077231496958,"HMR_6384","MAR06384"
"HMR_6424",-0.000775644028103044,-0.000775644028103044,0.0020671373656139,"HMR_6424","MAR06424"
"HMR_6439",0.000775644028103044,0.000771878765830699,0.00206670397226919,"HMR_6439","MAR06439"
"HMR_6505",-0.000775644028103044,-0.000775644028103045,0.0020671373656139,"HMR_6505","MAR06505"
"HMR_6512",-0.000775644028103061,-0.000775644028102773,0.00206713736561393,"HMR_6512","MAR06512"
"HMR_6628",0.00748906129738074,0.00702231946507903,0.00201341393569443,"HMR_6628","MAR06628"
"HMR_7684",0.140460888678344,0.826064642532267,0.0809822520470076,"HMR_7684","MAR07684"
"HMR_7685",-0.140460888678344,-0.826064642532267,-0.0768479773157798,"HMR_7685","MAR07685"
"HMR_7735",-0.000775644028103044,-0.000749287192196831,0.00207017111902683,"HMR_7735","MAR07735"
"HMR_8010",-0.00116009367681499,-0.00116009367681499,0.0020671373656139,"HMR_8010","MAR08010"
"HMR_8077",0.00323563939001327,0.000560021937926784,0.00175916551323117,"HMR_8077","MAR08077"
"HMR_8374",-0.191920127402076,-0.275750327077517,-0.00758197815332039,"HMR_8374","MAR08374"
"HMR_8408",0,-0.00014276685853566,0.00205070445819366,"HMR_8408","MAR08408"
"HMR_8551",0,0.000214655571509546,0.00209184488646315,"HMR_8551","MAR08551"
"HMR_8612",0.000775644028103044,0.000775644028103045,0.0020671373656139,"HMR_8612","MAR08612"
"HMR_8659",0,0.106999177048481,0.0143830739107844,"HMR_8659","MAR08659"
"HMR_8660",0,14.7317266405462,1.69773448276546,"HMR_8660","MAR08660"
"HMR_8687",0.0199380069137072,0.00502071654079237,0.000350111060117558,"HMR_8687","MAR08687"
"HMR_8721",-0.000116009367681499,-0.000425286926321293,0.00203153856109854,"HMR_8721","MAR08721"
"HMR_8901",-0.045003531598866,-0.0259721524606448,0.00425770802511731,"HMR_8901","MAR08901"
"HMR_8917",0.000155128805620609,5.64789340851731e-05,0.00205578245998253,"HMR_8917","MAR08917"
"HMR_8938",0,0.163208192242307,0.020852905581359,"HMR_8938","MAR08938"
"HMR_9183",0,-0.00161000521057002,0.0018818207813397,"HMR_9183","MAR09183"
"HMR_9189",0,15.0661699847074,1.73622994710699,"HMR_9189","MAR09189"
"HMR_9594",0,0.000147905532361866,0.00208416175030073,"HMR_9594","MAR09594"
"HMR_9598",0,0.000148255360746209,0.00208420201663083,"HMR_9598","MAR09598"
"HMR_9605",0,0.316261452114037,0.0384698096418233,"HMR_9605","MAR09605"
"HMR_9608",0.000775644028103044,0.000775644028103045,0.0020671373656139,"HMR_9608","MAR09608"
"HMR_9617",0,8.14761420175194e-05,0.0020765155218083,"HMR_9617","MAR09617"
"HMR_9640",0.045003531598866,0.0259721524606448,-0.000123433293889522,"HMR_9640","MAR09640"
"HMR_9641",2.50768093676815,2.50777996316591,0.00207853561057974,"HMR_9641","MAR09641"
"HMR_9728",-7.61030444964871,-7.61030444964871,0.0020671373656139,"HMR_9728","MAR09728"
"HMR_9019",0.00268882566955494,0.00127929208914028,0.00190489568662595,"HMR_9019","MAR09019"
"HMR_0158",0.00109731369952321,0.00131295621106862,0.00209195848631682,"HMR_0158","MAR00158"
"HMR_0175",-0.000860462811064383,-0.000374843343542841,0.00212303366979187,"HMR_0175","MAR00175"
"HMR_0446",0.000504168618266979,0.000205869349998493,0.0020328021963088,"HMR_0446","MAR00446"
"HMR_0578",0.169914754098361,0.169914754098361,0.0020671373656139,"HMR_0578","MAR00578"
"HMR_0587",-0.0822685513796254,-0.08367808496004,0.00190489568662595,"HMR_0587","MAR00587"
"HMR_2127",0.000386697892271663,0.000386697892271663,0.0020671373656139,"HMR_2127","MAR02127"
"HMR_2141",0.000386697892271663,0.000386697892271663,0.0020671373656139,"HMR_2141","MAR02141"
"HMR_3946",0,9.40955308425667e-05,0.00207796805253138,"HMR_3946","MAR03946"
"HMR_4760",0.000775644028103044,0.000749287192196831,0.00206410361220096,"HMR_4760","MAR04760"
"HMR_4874",-0.0106213215633485,-0.00784366745316626,0.00238685395324649,"HMR_4874","MAR04874"
"HMR_4888",-0.0236497191074843,-0.0191630204729021,0.00258357026916586,"HMR_4888","MAR04888"
"HMR_4898",0.0224574013828716,0.0212035741880568,0.00192281797367174,"HMR_4898","MAR04898"
"HMR_4905",0.000775644028073456,0.000775644028100218,0.00206713736561698,"HMR_4905","MAR04905"
"HMR_4914",-0.167050154787436,-0.167664635442099,0.00199640873984488,"HMR_4914","MAR04914"
"HMR_4922",7.58941520739855e-20,-0.000196060122887154,0.00204457023847214,"HMR_4922","MAR04922"
"HMR_4957",0.0141356697231991,0.0114075811051268,0.00175312591957673,"HMR_4957","MAR04957"
"HMR_5122",0.0106213215633485,0.00784366745316626,0.0017474207779813,"HMR_5122","MAR05122"
"HMR_5361",-0.000501284788138828,-0.000293536804385067,0.00209104980172674,"HMR_5361","MAR05361"
"HMR_6286",0.000388106888200335,0.000127751623887802,0.00203716966863786,"HMR_6286","MAR06286"
"HMR_6293",0,9.78741423099944e-05,0.00207840298240978,"HMR_6293","MAR06293"
"HMR_6295",0.00192694216405496,0.00339973259303943,0.00223666010371391,"HMR_6295","MAR06295"
"HMR_6305",0,0.000235886698050806,0.00209428865485911,"HMR_6305","MAR06305"
"HMR_6306",0,0.000235886698050806,0.00209428865485911,"HMR_6306","MAR06306"
"HMR_6317",0,0.000227812643853233,0.00209335930622389,"HMR_6317","MAR06317"
"HMR_6318",0,0.000227812643853233,0.00209335930622389,"HMR_6318","MAR06318"
"HMR_6323",0,0.00046458315975427,0.00212061232563995,"HMR_6323","MAR06323"
"HMR_6324",0,0.00046458315975427,0.00212061232563995,"HMR_6324","MAR06324"
"HMR_6328",-0.0288124816729452,-0.0382652057955165,0.000979099553698379,"HMR_6328","MAR06328"
"HMR_6389",0.00716992306977696,0.00242896144109687,0.00152143800424912,"HMR_6389","MAR06389"
"HMR_6431",0.000775644028103044,0.000775644028103044,0.0020671373656139,"HMR_6431","MAR06431"
"HMR_6438",-0.000775644028103044,-0.000775644028103044,0.0020671373656139,"HMR_6438","MAR06438"
"HMR_6446",0.000775644028103044,0.000771878765830699,0.00206670397226919,"HMR_6446","MAR06446"
"HMR_6454",0.000775644028103044,0.000775644028103044,0.0020671373656139,"HMR_6454","MAR06454"
"HMR_7638",0.0132075182887655,0.0133455748332152,0.00208302810129981,"HMR_7638","MAR07638"
"HMR_8009",0.000386697892271663,0.000386697892271663,0.0020671373656139,"HMR_8009","MAR08009"
"HMR_8614",0.000775644028103044,0.000775644028103045,0.0020671373656139,"HMR_8614","MAR08614"
"HMR_8891",0.0772832853611364,0.082322546258085,0.00264717189628376,"HMR_8891","MAR08891"
"HMR_8639",0.500234192037471,0.500234192037471,0.0020671373656139,"HMR_8639","MAR08639"
"HMR_0796",-0.000426604215456217,-0.000327577817692372,0.00207853561057987,"HMR_0796","MAR00796"
"HMR_3987",0.0268400534376284,0.0325373803473506,0.00272291733171063,"HMR_3987","MAR03987"
"HMR_4887",0.0281198660839961,0.0335201138004315,0.00268872259681324,"HMR_4887","MAR04887"
"HMR_4907",0.000426604215456695,0.000327577817692724,0.00205573912064791,"HMR_4907","MAR04907"
"HMR_4962",0.054106711090713,0.065402338512395,0.00336729905284155,"HMR_4962","MAR04962"
"HMR_5047",0.000426604215456019,0.000327577817692683,0.00205573912064798,"HMR_5047","MAR05047"
"HMR_7570",0.000213302107728121,0.000163788908846804,0.00206143824313098,"HMR_7570","MAR07570"
"HMR_8887",-0.000426604215456241,-0.000327577817693608,0.00207853561057973,"HMR_8887","MAR08887"
"HMR_2777",0.000246732588391346,0.000130992928764694,0.00205381537246365,"HMR_2777","MAR02777"
"HMR_4765",-0.000193348946135831,-0.00021310977101838,0.00206486283349087,"HMR_4765","MAR04765"
"HMR_4846",-0.000246732588391346,-0.000130992928764694,0.00208045935876414,"HMR_4846","MAR04846"
"HMR_4883",-0.00357792465109701,-0.00350357541746724,0.00207569519258813,"HMR_4883","MAR04883"
"HMR_4894",0.00425592505854801,0.00425592505854801,0.0020671373656139,"HMR_4894","MAR04894"
"HMR_5347",-0.000246732588391346,-0.000130992928764695,0.00208045935876414,"HMR_5347","MAR05347"
"HMR_6629",0.00299818776108097,0.00307253699471074,0.00207569519258813,"HMR_6629","MAR06629"
"HMR_7778",0.000193038997744371,4.43405304848356e-05,0.00205002171166543,"HMR_7778","MAR07778"
"HMR_7780",0.000193038997744371,4.43405304848357e-05,0.00205002171166543,"HMR_7780","MAR07780"
"HMR_8716",0.00044599531615925,0.000406245206694408,0.0020625620049491,"HMR_8716","MAR08716"
"HMR_9809",0.0010973136995232,0.00131322188105631,0.00209198906575492,"HMR_9809","MAR09809"
"HMR_9811",93.7920357488474,56.2367149293499,-4.32066655933266,"HMR_9811","MAR09811"
"HMR_9813",0.000860462811064383,0.000374843343542841,0.00201124106143592,"HMR_9813","MAR09813"
"HMR_9038",-1.38104430913349,-1.93530567290421,-0.0617300615843079,"HMR_9038","MAR09038"
"HMR_9039",-2.52258708821233,-3.75375972787025,-0.139644645140028,"HMR_9039","MAR09039"
"HMR_9040",-0.0756075878220138,-0.18338185927039,-0.0103380149446583,"HMR_9040","MAR09040"
"HMR_9041",-0.624571896955503,-0.524176749050726,0.0136229297104279,"HMR_9041","MAR09041"
"HMR_9042",-0.0106189461358314,-0.107533255874628,-0.00908799972970421,"HMR_9042","MAR09042"
"HMR_9043",0,-0.293824252284018,-0.0317529437451269,"HMR_9043","MAR09043"
"HMR_9044",-2.47699603380226,-3.99605716818531,-0.172781502178778,"HMR_9044","MAR09044"
"HMR_9045",-0.0106189461358314,-0.0764992493245061,-0.00551588949524393,"HMR_9045","MAR09045"
"HMR_9046",-3.40070347603459,-5.00653127223125,-0.182768613581032,"HMR_9046","MAR09046"
"HMR_9048",-0.00185657819078686,-0.000853899529879358,0.00218254878375348,"HMR_9048","MAR09048"
"HMR_9058",0,0.000128998840870381,0.0020819855315754,"HMR_9058","MAR09058"
"HMR_9061",-4.72327174551635,-6.88324356113106,-0.246552305832666,"HMR_9061","MAR09061"
"HMR_9062",-2.42700018735363,-3.25984166382266,-0.0937954950332422,"HMR_9062","MAR09062"
"HMR_9063",-3.24194920374707,-4.5822359036259,-0.152204011285973,"HMR_9063","MAR09063"
"HMR_9064",-0.871322810304451,-1.51147758673345,-0.0716166593052247,"HMR_9064","MAR09064"
"HMR_9065",-0.57716885231421,-0.840959959074656,-0.0282960357134643,"HMR_9065","MAR09065"
"HMR_9067",0,17.2652755330615,1.98935380410068,"HMR_9067","MAR09067"
"HMR_9068",-1.54929470725995,-2.43466641039233,-0.0998418867545182,"HMR_9068","MAR09068"
"HMR_9069",-6.50041104307615,-3.51404549626147,0.345807057520217,"HMR_9069","MAR09069"
"HMR_9072",48.694721107129,70.6117649544286,2.52478673883281,"HMR_9072","MAR09072"
"HMR_9078",0.00823775584474339,0.00848944245579256,0.00209610727376138,"HMR_9078","MAR09078"
"HMR_9079",199.918739057203,132.324199044081,-7.77827368922223,"HMR_9079","MAR09079"
"HMR_9103",-0.0152618702367502,-0.312143672088508,-0.0321048771664741,"HMR_9103","MAR09103"
"HMR_9107",-0.000775644028103044,-0.000749287192196831,0.00207017111902683,"HMR_9107","MAR09107"
"HMR_9108",-265.497262370018,-258.146442266483,0.84816928924552,"HMR_9108","MAR09108"
"HMR_9109",-0.000271475409836065,-0.000105427343625656,0.00208625001211555,"HMR_9109","MAR09109"
"HMR_9110",-0.000504168618266979,-0.000670216684477389,0.00204802471911224,"HMR_9110","MAR09110"
"HMR_9122",-0.000213302107728121,-0.000163788908846804,0.00207283648809681,"HMR_9122","MAR09122"
"HMR_9140",0,0.00206596079880249,0.00230493584972123,"HMR_9140","MAR09140"
"HMR_9143",-0.000775644028103044,-0.000775644028103045,0.0020671373656139,"HMR_9143","MAR09143"
"HMR_9146",0.621926722229182,5.39869982836146,0.55188851065661,"HMR_9146","MAR09146"
"HMR_9147",-0.00748906129738074,-0.00702231946507903,0.00212086079553336,"HMR_9147","MAR09147"
"HMR_9152",-0.000775644028103044,-0.000775644028103044,0.0020671373656139,"HMR_9152","MAR09152"
"HMR_9154",-0.000775644028103044,-0.000771878765830699,0.0020675707589586,"HMR_9154","MAR09154"
"HMR_9159",-0.000775644028103044,-0.000775644028103044,0.0020671373656139,"HMR_9159","MAR09159"
"HMR_9166",-0.191920127402076,-0.275750327077516,-0.00758197815332038,"HMR_9166","MAR09166"
"HMR_9167",-0.000775644028103044,-0.000775644028103045,0.0020671373656139,"HMR_9167","MAR09167"
"HMR_9205",0.226180393558371,0.372466580946738,0.0189051304325486,"HMR_9205","MAR09205"
"HMR_9206",-0.226180393558371,-0.372466580946738,-0.0147708557013208,"HMR_9206","MAR09206"
"HMR_9215",-0.00116009367681499,-0.00116009367681499,0.0020671373656139,"HMR_9215","MAR09215"
"HMR_9232",-0.28028556230846,-0.195090835409476,0.0118733141925217,"HMR_9232","MAR09232"
"HMR_9235",-1.05273338239759,-1.7281713474592,-0.0756778635527458,"HMR_9235","MAR09235"
"HMR_9253",0.126025548134887,0.0147310241152655,-0.0107432069142263,"HMR_9253","MAR09253"
"HMR_9259",-0.0434518822922363,-0.0700316737545231,-0.000992278922093314,"HMR_9259","MAR09259"
"HMR_9269",-0.000775644028103044,-0.000775644028103045,0.0020671373656139,"HMR_9269","MAR09269"
"HMR_9271",-0.000193348946135831,-0.000173588121253282,0.00206941189773692,"HMR_9271","MAR09271"
"HMR_9273",0.000193348946135831,0.000173588121253282,0.00206486283349087,"HMR_9273","MAR09273"
"HMR_9280",0,-14.8387258175947,-1.7059161445794,"HMR_9280","MAR09280"
"HMR_9285",-0.457270789374019,-0.457270789374019,0.00206713736561388,"HMR_9285","MAR09285"
"HMR_9286",-0.015532611067406,-0.0145450435320612,0.00218080944641752,"HMR_9286","MAR09286"
"HMR_9295",-0.570709564982083,-0.58549761727295,0.00036498676347928,"HMR_9295","MAR09295"
"HMR_9300",-0.166860527399711,-0.120621307957123,0.0073894146789721,"HMR_9300","MAR09300"
"HMR_9303",0.28028556230846,0.195090835409476,-0.00773903946129396,"HMR_9303","MAR09303"
"HMR_9346",-0.045003531598866,-0.0259721524606448,0.00425770802511731,"HMR_9346","MAR09346"
"HMR_9348",-0.0716499301671488,-0.128624893047657,-0.00449085725505362,"HMR_9348","MAR09348"
"HMR_9351",-0.255686182669789,-0.163959718969554,0.0126251373204465,"HMR_9351","MAR09351"
"HMR_9353",-0.61557291479848,-0.604837171360559,0.00330285467292321,"HMR_9353","MAR09353"
"HMR_9358",0,5.41975984663515e-05,0.00207337567699184,"HMR_9358","MAR09358"
"HMR_9363",-0.0199380069137072,-0.00502511389419498,0.00378365752211949,"HMR_9363","MAR09363"
"HMR_9378",-0.0353283372365337,-0.0353283372365339,0.00206713736561387,"HMR_9378","MAR09378"
"HMR_9383",-1.5071165716643,-14.2509194238519,-1.46478402542969,"HMR_9383","MAR09383"
"HMR_9404",-0.000835903573813637,-0.00141539140999963,0.00200043652158842,"HMR_9404","MAR09404"
"HMR_9406",0,0.0032502875870419,0.00244125552969497,"HMR_9406","MAR09406"
"HMR_9418",7.7715611723761e-17,0.778612711807828,0.0916878710610091,"HMR_9418","MAR09418"
"HMR_9421",0.50854174360038,0.0718212206656058,-0.0482007469004616,"HMR_9421","MAR09421"
"HMR_9423",-0.0673722287711479,-0.0466348659826024,0.00445407202495418,"HMR_9423","MAR09423"
"HMR_9440",-1.13698954508817,-1.12203319917783,0.00378865908438356,"HMR_9440","MAR09440"
"HMR_9456",0,-0.00161000521057002,0.0018818207813397,"HMR_9456","MAR09456"
"HMR_9463",0,15.0661699847074,1.73622994710699,"HMR_9463","MAR09463"
"HMR_9690",0.546975376456034,0.708145696414426,0.0206183401722767,"HMR_9690","MAR09690"
"HMR_9691",-0.000775644028103044,-0.000775644028103044,0.0020671373656139,"HMR_9691","MAR09691"
"HMR_9729",-7.61030444964871,-7.61030444964871,0.0020671373656139,"HMR_9729","MAR09729"
"ACRNtm",-0.00181170960187356,-0.00184249096135819,0.00206359433583886,"ACRNtm","MAR00060"
"AMY2e",0.00103666786709697,0.000402775407647748,0.00199417438101541,"AMY2e","MAR00072"
"BILDGLCURtr",0.000193348946135831,0.000173588121253282,0.00206486283349087,"BILDGLCURtr","MAR00089"
"BTNt4i",0.000736861826697892,0.0007718787658307,0.00207116792371969,"BTNt4i","MAR00095"
"C180CRNt",8.70491803278689e-05,5.70527026910556e-05,0.00206368467816952,"C180CRNt","MAR00107"
"CITtam",0,-0.000109130446784892,0.0020545761133237,"CITtam","MAR00125"
"CLS_hs",0.00268882566955495,0.00127929208914028,0.00190489568662595,"CLS_hs","MAR00129"
"EX_atp[e]",-844.060685969681,-843.947835638049,0.0150565599183284,"EX_atp[e]","MAR00569"
"EX_crvnc[e]",-2.40705341907345e-05,-0.000133884252487728,0.00205449746665727,"EX_crvnc[e]","MAR00573"
"EX_glyc_S[e]",0,0.00349564362482591,0.00246949676926033,"EX_glyc_S[e]","MAR00603"
"EX_glygn2[e]",-0.00103666786709697,-0.000402775407647748,0.00214010035021238,"EX_glygn2[e]","MAR00606"
"EX_glygn4[e]",0.00103666786709697,0.000402775407647748,0.00199417438101541,"EX_glygn4[e]","MAR00608"
"EX_lpchol_hs[e]",-2.33776618266979,-2.33786520906755,0.0020557391206481,"EX_lpchol_hs[e]","MAR00628"
"EX_pe_hs[e]",-0.790180046838408,-0.789781968119922,0.00211295745855381,"EX_pe_hs[e]","MAR00656"
"EX_pglyc_hs[e]",-0.124742295081967,-0.124742295081967,0.0020671373656139,"EX_pglyc_hs[e]","MAR00658"
"EX_ps_hs[e]",-0.0787409836065574,-0.0787409836065572,0.00206713736561392,"EX_ps_hs[e]","MAR00661"
"EX_strdnc[e]",-0.000253969122349188,-0.000281850084960326,0.00206392818049856,"EX_strdnc[e]","MAR00695"
"FAOXC161802m",0.000253969122349188,0.000297823890540767,0.00207218518520606,"FAOXC161802m","MAR00764"
"FAOXC180",0.000253969122349188,0.000281850084960326,0.00207034655072923,"FAOXC180","MAR00776"
"FAOXC182806m",0.00112423432456778,0.000819365024116575,0.00203204596526391,"FAOXC182806m","MAR00785"
"FAOXC18280m",0.000557150032437113,0.00046089338015736,0.0020560579269282,"FAOXC18280m","MAR00788"
"FAOXC18480m",2.13405597986489e-05,7.88126829035889e-05,0.00207375258491559,"FAOXC18480m","MAR00818"
"FAOXC2051843m",2.13405597986489e-05,7.88126829035889e-05,0.00207375258491559,"FAOXC2051843m","MAR00923"
"FAOXC226205m",2.13405597986489e-05,7.88126829035358e-05,0.00207375258491558,"FAOXC226205m","MAR00970"
"FOLt2",-0.438164206817567,-4.31647729877772,-0.444338706683478,"FOLt2","MAR01047"
"GLCt2_2",-35.3217212702293,-35.397740286518,-0.00668288676226544,"GLCt2_2","MAR01378"
"GLYC_St",0,0.00349564362482591,0.00246949676926033,"GLYC_St","MAR01385"
"HPYRR2x",0,0.00174782181241295,0.00226831706743711,"HPYRR2x","MAR01453"
"LNELDCCRNt",4.98843717432699e-05,5.40308188996115e-05,0.00206761463451889,"LNELDCCRNt","MAR01486"
"LNLCCRNt",0.000146771332455742,0.000107755182492784,0.00206264648596009,"LNLCCRNt","MAR01487"
"LPCHOLt",2.33776618266979,2.33786520906755,0.00207853561057969,"LPCHOLt","MAR01499"
"NAHCO3_HCLt",0.0259486448336211,0.182302821897814,0.0200639872144912,"NAHCO3_HCLt","MAR01525"
"NMNATr",0.0353283372365337,0.0353283372365341,0.00206713736561394,"NMNATr","MAR01542"
"PEt",0.790180046838408,0.789781968119922,0.00202131727267398,"PEt","MAR01601"
"PGLYCt",0.124742295081967,0.124742295081967,0.0020671373656139,"PGLYCt","MAR01607"
"PSt3",0.0787409836065574,0.0787409836065572,0.00206713736561387,"PSt3","MAR01669"
"RDH2a",0.0186233966103316,0.0261265042018847,0.00293076827884312,"RDH2a","MAR01690"
"THFt2",0.403730750118863,0.830285484261323,0.0511649078686554,"THFt2","MAR01780"
"UGT1A10r",-0.000386697892271663,-0.000386697892271663,0.0020671373656139,"UGT1A10r","MAR01820"
"XOLEST2te",0.0476590163934438,0.0476590163934429,0.00206713736561379,"XOLEST2te","MAR01827"
"EX_ahdt[e]",265.497262370018,258.146442266483,-0.844035014514292,"EX_ahdt[e]","MAR01871"
"EX_dha[e]",-0.00240051522248244,-0.000379621090298477,0.00229974853686812,"EX_dha[e]","MAR01921"
"EX_fad[e]",-0.000775644028103061,-0.000775644028102773,0.00206713736561393,"EX_fad[e]","MAR01939"
"r0193",-0.0152618702367502,-0.0285122063852451,0.00054198265219866,"r0193","MAR02027"
"r0309",0.000162877244874016,0.000158701671471111,0.00206665674418774,"r0309","MAR02028"
"r0310",9.10918774751719e-05,0.000139122219069656,0.00207266580663221,"r0310","MAR02035"
"r0707",-265.497262370018,-258.146442266483,0.84816928924552,"r0707","MAR02186"
"r0791",-0.00109623122808835,-0.00127004920507787,0.00204713037832611,"r0791","MAR02207"
"r0941",-0.00823775584474288,-0.00886912578337215,0.00199446473097145,"r0941","MAR02225"
"r1147",0,0.000140715308883382,0.0020833341333176,"r1147","MAR02303"
"r1253",0.000253969122349188,0.000281850084960326,0.00207034655072923,"r1253","MAR02313"
"r1400",-0.000405538012197879,-0.000270657973188456,0.00208266247568925,"r1400","MAR02340"
"r1423",386.065544543656,435.035309992057,5.638638749698,"r1423","MAR02351"
"r2373",0.00151888932944536,0.00486505977176493,0.00245229194318845,"r2373","MAR02405"
"r2510",0.000246732588391346,0.000131381164593801,0.00205386005960955,"r2510","MAR02432"
"RE1804M",0.000239359911112577,8.13099395528048e-05,0.00204894532456844,"RE1804M","MAR02885"
"RE1807M",0.000239359911112577,8.25835171149021e-05,0.0020490919172888,"RE1807M","MAR02891"
"RE2269E",2.08486065852181,2.40860398892635,0.0393309969967771,"RE2269E","MAR03042"
"RE2426C",-1.09763938179779,-25.4895989735191,-2.80552292856441,"RE2426C","MAR03119"
"EX_HC00822[e]",-0.0268400534376284,-0.0325373803473506,0.00141135739951716,"EX_HC00822[e]","MAR04142"
"EX_HC02192[e]",0,-0.551168544695178,-0.0613740685334194,"EX_HC02192[e]","MAR04146"
"EX_HC02193[e]",-7.31537357880028,-44.099428008659,-4.23189141006296,"EX_HC02193[e]","MAR04148"
"EX_HC02191[e]",7.31537357880028,44.6505965533542,4.29946689069322,"EX_HC02191[e]","MAR04164"
"EX_CE5786[e]",-2.08486065852181,-2.40860398892635,-0.0351967222655492,"EX_CE5786[e]","MAR04341"
"EX_CE5788[e]",2.08486065852181,2.40860398892635,0.0393309969967771,"EX_CE5788[e]","MAR04349"
"EX_crm_hs[e]",-2.73248454070484,-2.74891391732067,0.000176065252175915,"EX_crm_hs[e]","MAR04384"
"PIt8",-459.123364188749,-410.016161382911,5.65445821504176,"PIt8","MAR04411"
"FAOXC61C4m",0.00109623122808835,0.00127519324454946,0.00208773644777069,"FAOXC61C4m","MAR06279"
"FAOXC8C6m",0.00109623122808835,0.00128527623569769,0.00208889703126855,"FAOXC8C6m","MAR06329"
"CYSSNAT5tc",0.138540534923232,0.208676203457867,0.0101399699523009,"CYSSNAT5tc","MAR06887"
"GLYGLYCNc",0,-0.330927771279071,-0.0360236736530639,"GLYGLYCNc","MAR06898"
"Coqe",0.000581733021077285,0.000559568791068873,0.00206458619412,"Coqe","MAR07819"
"EX_tdechola[e]",0,-0.22744416711265,-0.024112390430748,"EX_tdechola[e]","MAR08959"
"EX_q10[e]",-0.000581733021077285,-0.000559568791068873,0.00206968853710779,"EX_q10[e]","MAR08966"
"EX_q10h2[e]",-0.000193911007025762,-0.000216075237034175,0.00206458619412,"EX_q10h2[e]","MAR08967"
"GLUPROASCT1",0.551786140425005,1.96089753298493,0.164260221224395,"GLUPROASCT1","MAR08972"
"PPItm",-0.0126892518553644,-0.0192304775748857,0.00131422203381877,"PPItm","MAR08987"
"Q10H2e",-0.000193911007025762,-0.000216075237034175,0.00206458619412,"Q10H2e","MAR08991"
"RPEc",0.0114747031032777,0.0184198788699275,0.00286654859845317,"RPEc","MAR08992"
"TAURCHAe",7.7715611723761e-17,0.778612711807828,0.0916878710610091,"TAURCHAe","MAR08995"
"q10h2tc",-0.000193911007025762,-0.000216075237034175,0.00206458619412,"q10h2tc","MAR08997"
"q10tm",0.000581733021077285,0.000559568791068873,0.00206458619412,"q10tm","MAR08998"
"MAL_Lte",0.0677785847680293,0.068167918897991,0.00211195092934163,"MAL_Lte","MAR09030"
"OROTGLUt",-0.546975376456034,-0.708145696414426,-0.0164840654410489,"OROTGLUt","MAR09031"
"PEPtr",-0.179966587819037,-0.202890324467238,-0.000571455693933842,"PEPtr","MAR09112"
"2PGtr",0,0.000126943196320066,0.00208174892052343,"2PGtr","MAR09820"
"DCMPtr",0.184556576849462,0.205293939638007,0.00445407202495409,"DCMPtr","MAR09824"
"DHAPtr",0.00240051522248244,0.000379621090298477,0.00183452619435967,"DHAPtr","MAR09825"
"ETHAMPtr",7.75644028103044e-05,0.000475643121295959,0.00211295745855378,"ETHAMPtr","MAR09827"
"FUMtr",0.0290326463700234,0.0270319206404793,0.00183684763994441,"FUMtr","MAR09828"
"GLCURtr",0.00011634660421589,8.66010322637872e-05,0.00206371355819063,"GLCURtr","MAR09830"
"ICITtr",0.00181170960187354,0.00430709181473516,0.00235436358395785,"ICITtr","MAR09831"
"UDPGLCURtr",0.00605451990632318,0.00622281352580329,0.00208650848224907,"UDPGLCURtr","MAR09837"
"GLYC3tr",0.0780522164472958,0.0775530973490696,0.00200968721214727,"GLYC3tr","MAR09839"
"OROT5Ptr",0.585927132896315,0.747097452854708,0.0206183401722767,"OROT5Ptr","MAR09841"
"EX_2pg[e]",0,-0.000126943196320066,0.00205252581070436,"EX_2pg[e]","MAR09842"
"EX_dcmp[e]",-0.184556576849462,-0.205293939638007,-0.000319797293726303,"EX_dcmp[e]","MAR09847"
"EX_ethamp[e]",-7.75644028103044e-05,-0.000475643121295959,0.00202131727267401,"EX_ethamp[e]","MAR09849"
"EX_icit[e]",-0.00181170960187354,-0.00430709181473516,0.00177991114726994,"EX_icit[e]","MAR09854"
"EX_pep[e]",-0.179966587819037,-0.202890324467238,-0.000571455693933842,"EX_pep[e]","MAR09858"
"EX_udpglcur[e]",-0.00605451990632318,-0.00622281352580329,0.00204776624897872,"EX_udpglcur[e]","MAR09864"
"EX_orot5p[e]",-0.585927132896315,-0.747097452854708,-0.0164840654410489,"EX_orot5p[e]","MAR09867"
"EX_glyc3p[e]",-0.0780522164472958,-0.0775530973490696,0.00212458751908052,"EX_glyc3p[e]","MAR09868"
"FOLOAT1tc",-0.0433016267332714,-0.0700152940155741,-0.00100768844345347,"FOLOAT1tc","MAR09883"
"FOLOATPtc",0,-0.186142593035899,-0.0193584513858295,"FOLOATPtc","MAR09885"
"GLUB0AT3tc",0.0259486448336211,0.181910123813599,0.0200187864492142,"GLUB0AT3tc","MAR09888"
"PCRNte",0.000166613130907622,0.000182653054747653,0.0020689836105071,"PCRNte","MAR09913"
"EX_pcrn[e]",0.000906822800336709,0.000548745053714808,0.00202592150837758,"EX_pcrn[e]","MAR09921"
"EX_lneldccrn[e]",-0.000557150032437113,-0.000462312856749524,0.00207805341814916,"EX_lneldccrn[e]","MAR09922"
"HC00342te",-0.00192694216405496,-0.00349760673534943,0.00188634901071799,"HC00342te","MAR09928"
"HXCOAc",-93.5782540158263,-56.0229350720047,4.32480061816778,"HXCOAc","MAR09949"
"LNLCCRNNAt",-0.000909920240145786,-0.00054187315211663,0.00210950072491102,"LNLCCRNNAt","MAR09959"
"C03990t",7.15160720877686,44.4878181832819,4.29958061254642,"C03990t","MAR10011"
"C05463t2",-7.7715611723761e-17,-0.22744416711265,-0.024112390430748,"C05463t2","MAR10021"
"EX_forglu[e]",-0.00652856167912098,-0.00866529922761335,0.00182119225849413,"EX_forglu[e]","MAR10242"
"EX_hxcoa[e]",-0.213781733021066,-0.21378173302107,0.00206713736561335,"EX_hxcoa[e]","MAR10250"
"EX_lnlccrn[e]",-0.00112423432456778,-0.000819365024116574,0.00210222876596388,"EX_lnlccrn[e]","MAR10254"
"EX_mi1p_D[e]",0,-0.00104091725170224,0.00194732456728808,"EX_mi1p_D[e]","MAR10263"
"EX_nwharg[e]",-0.00468027507069225,2.99086270622067e-19,0.00260585151627014,"EX_nwharg[e]","MAR10265"
"FORGLUt",-0.00652856167912098,-0.00866529922761335,0.00182119225849413,"FORGLUt","MAR10355"
"HXCOAte",-0.213781733021066,-0.21378173302107,0.00206713736561335,"HXCOAte","MAR10375"
"LNLCCRNtd",-0.000214314084421995,-0.000267137965998259,0.00206105717330299,"LNLCCRNtd","MAR10383"
"MI1Pt",0,0.00104091725170224,0.00218695016393971,"MI1Pt","MAR10389"
"NWHARGtd",-0.00468027507069225,-1.68419754949204e-20,0.00260585151627014,"NWHARGtd","MAR10391"
"PSERtr",-0.0215140515222482,-0.0181390827857484,0.00245560671600743,"PSERtr","MAR10396"
"EX_pser_L[e]",-0.0215140515222482,-0.0181390827857484,0.00245560671600743,"EX_pser_L[e]","MAR10441"
"RETINALt",-0.00052327868852459,-0.000171443560256477,0.00210763467815069,"RETINALt","MAR10483"
"THBPTt",-0.000775644028103044,-0.000775644028103045,0.0020671373656139,"THBPTt","MAR10489"
"EX_retinal[e]",-0.00052327868852459,-0.000171443560256477,0.00210763467815069,"EX_retinal[e]","MAR10492"
"EX_thbpt[e]",-0.000775644028103044,-0.000775644028103045,0.0020671373656139,"EX_thbpt[e]","MAR10496"
"EX_alaasnleu[e]",-0.329528239921494,-0.0506343932809945,0.0341686825626073,"EX_alaasnleu[e]","MAR10499"
"EX_alahisala[e]",-0.920696206088992,-0.335204929401332,0.0694589959793383,"EX_alahisala[e]","MAR10501"
"EX_alalysthr[e]",-1.22019821286667,-0.58290488603691,0.0754215723286008,"EX_alalysthr[e]","MAR10502"
"EX_argglygly[e]",0,0.330927771279072,0.0401579483842918,"EX_argglygly[e]","MAR10513"
"EX_argserser[e]",-0.0378210902486009,0.011073498396265,0.00769505589511377,"EX_argserser[e]","MAR10520"
"EX_asntyrthr[e]",-0.330379693987091,-0.0501147934000073,0.0343264951166094,"EX_asntyrthr[e]","MAR10531"
"EX_aspasnglu[e]",0,-0.0371012930638159,-0.00220333633074636,"EX_aspasnglu[e]","MAR10533"
"EX_aspglupro[e]",-2.7471586599039,-1.1467010894074,0.186284758708081,"EX_aspglupro[e]","MAR10535"
"EX_aspglutrp[e]",0,-0.0288075305245447,-0.00124869858518599,"EX_aspglutrp[e]","MAR10536"
"EX_asplysglu[e]",0,-0.0480848593710921,-0.00346757881757217,"EX_asplysglu[e]","MAR10539"
"EX_asplyshis[e]",0,-0.00888291762351922,0.00104468604584655,"EX_asplyshis[e]","MAR10540"
"EX_aspmetasp[e]",-1.09190718969555,-1.7424827112987,-0.0728161193371471,"EX_aspmetasp[e]","MAR10541"
"EX_aspprolys[e]",0,-0.0516316701067638,-0.00387582771408911,"EX_aspprolys[e]","MAR10542"
"EX_aspvalasn[e]",-0.656741012227245,-0.339456597797277,0.0385875557714538,"EX_aspvalasn[e]","MAR10543"
"EX_cysgluhis[e]",0,-0.000567119611778898,0.0020018601425094,"EX_cysgluhis[e]","MAR10548"
"EX_cysleuthr[e]",-0.288082432325634,-0.175548038862086,0.0150201944570562,"EX_cysleuthr[e]","MAR10550"
"EX_cyssermet[e]",-0.287056569991715,-0.0637373310892753,0.0277718731543016,"EX_cyssermet[e]","MAR10551"
"EX_gluasnleu[e]",-0.0172211241217798,-0.000662733922097049,0.003973059341977,"EX_gluasnleu[e]","MAR10562"
"EX_gluilelys[e]",0,-0.0101063413746845,0.000903866184396778,"EX_gluilelys[e]","MAR10564"
"EX_gluthrlys[e]",0,-0.010110106636957,0.000903432791052054,"EX_gluthrlys[e]","MAR10569"
"EX_glutrpala[e]",-0.00222474785966832,-0.0049194392893327,0.00175697003935937,"EX_glutrpala[e]","MAR10570"
"EX_hisglugln[e]",0,-0.0111734976467111,0.000781033193596253,"EX_hisglugln[e]","MAR10583"
"EX_hishislys[e]",0,-0.000496271397975316,0.00201001499126257,"EX_hishislys[e]","MAR10585"
"EX_hislysglu[e]",0,-0.00961383523898155,0.000960555165403393,"EX_hislysglu[e]","MAR10587"
"EX_ileglnglu[e]",-1.59180978502775,-0.406254556458442,0.138528214624544,"EX_ileglnglu[e]","MAR10599"
"EX_ileprolys[e]",-0.0240605152224824,-0.0559556330325844,-0.00160408944084995,"EX_ileprolys[e]","MAR10601"
"EX_iletrptyr[e]",0,-0.000343655214751826,0.00202758158644764,"EX_iletrptyr[e]","MAR10603"
"EX_leuasplys[e]",0,-0.00026805666083081,0.00203628321405526,"EX_leuasplys[e]","MAR10606"
"EX_leuleutrp[e]",0,-0.000477683545167231,0.00201215451066833,"EX_leuleutrp[e]","MAR10607"
"EX_leusertrp[e]",0,-0.00159999237473139,0.00188297328974423,"EX_leusertrp[e]","MAR10610"
"EX_leutyrtyr[e]",-0.0475545171222215,-0.0709834506140606,-0.000629605414713929,"EX_leutyrtyr[e]","MAR10613"
"EX_lysargleu[e]",-5.09108645669476,-5.47558909168939,-0.0421903063332201,"EX_lysargleu[e]","MAR10615"
"EX_lysgluglu[e]",-0.0476579065509863,-0.0999726172035488,-0.00395444779558771,"EX_lysgluglu[e]","MAR10618"
"EX_lyslyslys[e]",0,-0.0385478399063031,-0.00236983835079102,"EX_lyslyslys[e]","MAR10619"
"EX_lystyrile[e]",-0.10409531615925,-0.096411109404967,0.00295161335315206,"EX_lystyrile[e]","MAR10622"
"EX_metmetile[e]",-0.118606595748944,-0.0446746134779396,0.0105769374166535,"EX_metmetile[e]","MAR10630"
"EX_pheleuasp[e]",0,-0.0358488528082425,-0.00205917657980482,"EX_pheleuasp[e]","MAR10637"
"EX_phephethr[e]",-0.12426587967811,-0.051358465435382,0.0104590064645608,"EX_phephethr[e]","MAR10643"
"EX_proglnpro[e]",0,-0.000168052113412599,0.00204779404707478,"EX_proglnpro[e]","MAR10655"
"EX_prolyspro[e]",0,-0.0150545319898462,0.000334314125111997,"EX_prolyspro[e]","MAR10660"
"EX_propropro[e]",-0.281267269493391,-0.464507299172351,-0.0190243573571791,"EX_propropro[e]","MAR10663"
"EX_provalgln[e]",0,-0.0510501669891051,-0.00380889490492685,"EX_provalgln[e]","MAR10666"
"EX_serglyglu[e]",0,0.0530129129356349,0.00816908777121469,"EX_serglyglu[e]","MAR10670"
"EX_thrasntyr[e]",0,-0.0230153283215605,-0.000581998179103173,"EX_thrasntyr[e]","MAR10675"
"EX_thrglnglu[e]",-0.373849385661918,-0.098776407290127,0.0337288887955623,"EX_thrglnglu[e]","MAR10676"
"EX_thrglntyr[e]",0,-0.0360462471487813,-0.00208189727952898,"EX_thrglntyr[e]","MAR10677"
"EX_thrtyrmet[e]",-0.201105063508269,-0.0957240855831627,0.0141968141817782,"EX_thrtyrmet[e]","MAR10684"
"EX_trpaspasp[e]",-0.377925175644028,-0.580687527105231,-0.0212714370349562,"EX_trpaspasp[e]","MAR10687"
"EX_trpproval[e]",0,-0.000343655214751826,0.00202758158644764,"EX_trpproval[e]","MAR10706"
"EX_trpthrglu[e]",0,-0.00480125508742412,0.00151449804048058,"EX_trpthrglu[e]","MAR10708"
"EX_trpthrile[e]",-0.151237889324788,-0.144891552861928,0.00279762034059485,"EX_trpthrile[e]","MAR10709"
"EX_trpthrtyr[e]",0,-0.000687310429503652,0.00198802580728139,"EX_trpthrtyr[e]","MAR10710"
"EX_trptyrtyr[e]",0,-0.000343655214751826,0.00202758158644764,"EX_trptyrtyr[e]","MAR10712"
"EX_trpvalasp[e]",0,-0.00068731042950365,0.00198802580728139,"EX_trpvalasp[e]","MAR10713"
"EX_tyralaphe[e]",-0.191836186473697,-0.128895967723667,0.00931175140515277,"EX_tyralaphe[e]","MAR10715"
"EX_tyrcysthr[e]",-0.535357071608726,-0.431436017484328,0.0140287724324276,"EX_tyrcysthr[e]","MAR10720"
"EX_tyrphetyr[e]",0,-0.0383612266553799,-0.00234835858785961,"EX_tyrphetyr[e]","MAR10723"
"EX_tyrvalmet[e]",-0.425615666805407,-0.154690016833019,0.0332515184567615,"EX_tyrvalmet[e]","MAR10727"
"EX_valleuphe[e]",-1.26845617316584,-0.798321364196043,0.0561811094041502,"EX_valleuphe[e]","MAR10730"
"EX_vallystyr[e]",-0.10409531615925,-0.110697376005005,0.00130721983754839,"EX_vallystyr[e]","MAR10731"
"EX_valtrpval[e]",-0.447051789045052,-0.143968731393239,0.0369529356392276,"EX_valtrpval[e]","MAR10736"
"ALAASNLEUt",0.329528239921494,0.0506343932809945,-0.0300344078313795,"ALAASNLEUt","MAR10741"
"ALAHISALAt",0.920696206088992,0.335204929401332,-0.0653247212481105,"ALAHISALAt","MAR10743"
"ALALYSTHRt",1.22019821286667,0.58290488603691,-0.071287297597373,"ALALYSTHRt","MAR10744"
"ARGGLYGLYt",0,-0.330927771279072,-0.036023673653064,"ARGGLYGLYt","MAR10755"
"ARGSERSERt",0.0378210902486009,-0.011073498396265,-0.00356078116388599,"ARGSERSERt","MAR10762"
"ASNTYRTHRt",0.330379693987092,0.0501147934000073,-0.0301922203853816,"ASNTYRTHRt","MAR10773"
"ASPASNGLUt",0,0.0371012930638159,0.00633761106197415,"ASPASNGLUt","MAR10775"
"ASPGLUPROt",2.7471586599039,1.1467010894074,-0.182150483976853,"ASPGLUPROt","MAR10777"
"ASPGLUTRPt",0,0.0288075305245447,0.00538297331641378,"ASPGLUTRPt","MAR10778"
"ASPLYSGLUt",0,0.0480848593710921,0.00760185354879996,"ASPLYSGLUt","MAR10781"
"ASPLYSHISt",0,0.00888291762351922,0.00308958868538125,"ASPLYSHISt","MAR10782"
"ASPMETASPt",1.09190718969555,1.7424827112987,0.0769503940683749,"ASPMETASPt","MAR10783"
"ASPPROLYSt",0,0.0516316701067638,0.0080101024453169,"ASPPROLYSt","MAR10784"
"ASPVALASNt",0.656741012227245,0.339456597797277,-0.034453281040226,"ASPVALASNt","MAR10785"
"CYSGLUHISt",0,0.000567119611778885,0.00213241458871838,"CYSGLUHISt","MAR10790"
"CYSLEUTHRt",0.288082432325634,0.175548038862086,-0.0108859197258284,"CYSLEUTHRt","MAR10792"
"CYSSERMETt",0.287056569991715,0.0637373310892753,-0.0236375984230738,"CYSSERMETt","MAR10793"
"GLUASNLEUt",0.0172211241217798,0.000662733922097049,0.000161215389250794,"GLUASNLEUt","MAR10804"
"GLUILELYSt",0,0.0101063413746845,0.00323040854683101,"GLUILELYSt","MAR10806"
"GLUTHRLYSt",0,0.010110106636957,0.00323084194017574,"GLUTHRLYSt","MAR10811"
"GLUTRPALAt",0.00222474785966832,0.0049194392893327,0.00237730469186842,"GLUTRPALAt","MAR10812"
"HISGLUGLNt",0,0.0111734976467111,0.00335324153763154,"HISGLUGLNt","MAR10825"
"HISHISLYSt",0,0.000496271397975316,0.00212425973996522,"HISHISLYSt","MAR10827"
"HISLYSGLUt",0,0.00961383523898155,0.0031737195658244,"HISLYSGLUt","MAR10829"
"ILEGLNGLUt",1.59180978502775,0.406254556458442,-0.134393939893317,"ILEGLNGLUt","MAR10841"
"ILEPROLYSt",0.0240605152224824,0.0559556330325844,0.00573836417207774,"ILEPROLYSt","MAR10843"
"ILETRPTYRt",0,0.000343655214751826,0.00210669314478015,"ILETRPTYRt","MAR10845"
"LEUASPLYSt",0,0.000268056660830812,0.00209799151717253,"LEUASPLYSt","MAR10848"
"LEULEUTRPt",0,0.00047768354516723,0.00212212022055946,"LEULEUTRPt","MAR10849"
"LEUSERTRPt",0,0.00159999237473139,0.00225130144148356,"LEUSERTRPt","MAR10852"
"LEUTYRTYRt",0.0475545171222215,0.0709834506140606,0.00476388014594172,"LEUTYRTYRt","MAR10855"
"LYSARGLEUt",5.09108645669476,5.47558909168939,0.0463245810644478,"LYSARGLEUt","MAR10857"
"LYSGLUGLUt",0.0476579065509863,0.0999726172035479,0.0080887225268154,"LYSGLUGLUt","MAR10860"
"LYSLYSLYSt",0,0.0385478399063029,0.00650411308201879,"LYSLYSLYSt","MAR10861"
"LYSTYRILEt",0.10409531615925,0.096411109404967,0.00118266137807573,"LYSTYRILEt","MAR10864"
"METMETILEt",0.118606595748944,0.0446746134779396,-0.00644266268542574,"METMETILEt","MAR10872"
"PHELEUASPt",0,0.0358488528082423,0.00619345131103258,"PHELEUASPt","MAR10879"
"PHEPHETHRt",0.12426587967811,0.0513584654353822,-0.00632473173333297,"PHEPHETHRt","MAR10885"
"PROGLNPROt",0,0.000168052113412599,0.00208648068415301,"PROGLNPROt","MAR10897"
"PROLYSPROt",0,0.0150545319898462,0.00379996060611579,"PROLYSPROt","MAR10902"
"PROPROPROt",0.281267269493391,0.464507299172351,0.0231586320884069,"PROPROPROt","MAR10905"
"PROVALGLNt",0,0.051050166989105,0.00794316963615464,"PROVALGLNt","MAR10908"
"SERGLYGLUt",0,-0.0530129129356349,-0.0040348130399869,"SERGLYGLUt","MAR10912"
"THRASNTYRt",0,0.0230153283215605,0.00471627291033096,"THRASNTYRt","MAR10917"
"THRGLNGLUt",0.373849385661918,0.098776407290127,-0.0295946140643345,"THRGLNGLUt","MAR10918"
"THRGLNTYRt",0,0.0360462471487813,0.00621617201075677,"THRGLNTYRt","MAR10919"
"THRTYRMETt",0.201105063508269,0.0957240855831627,-0.0100625394505504,"THRTYRMETt","MAR10926"
"TRPASPASPt",0.377925175644028,0.580687527105231,0.025405711766184,"TRPASPASPt","MAR10929"
"TRPPROVALt",0,0.000343655214751826,0.00210669314478015,"TRPPROVALt","MAR10948"
"TRPTHRGLUt",0,0.00480125508742412,0.00261977669074721,"TRPTHRGLUt","MAR10950"
"TRPTHRILEt",0.151237889324788,0.144891552861928,0.00133665439063293,"TRPTHRILEt","MAR10951"
"TRPTHRTYRt",0,0.000687310429503652,0.0021462489239464,"TRPTHRTYRt","MAR10952"
"TRPTYRTYRt",0,0.000343655214751826,0.00210669314478015,"TRPTYRTYRt","MAR10954"
"TRPVALASPt",0,0.00068731042950365,0.0021462489239464,"TRPVALASPt","MAR10955"
"TYRALAPHEt",0.191836186473697,0.128895967723667,-0.00517747667392498,"TYRALAPHEt","MAR10957"
"TYRCYSTHRt",0.535357071608726,0.431436017484328,-0.0098944977011998,"TYRCYSTHRt","MAR10962"
"TYRPHETYRt",0,0.0383612266553796,0.00648263331908736,"TYRPHETYRt","MAR10965"
"TYRVALMETt",0.425615666805407,0.154690016833019,-0.0291172437255337,"TYRVALMETt","MAR10969"
"VALLEUPHEt",1.26845617316584,0.798321364196043,-0.0520468346729224,"VALLEUPHEt","MAR10972"
"VALLYSTYRt",0.10409531615925,0.110697376005005,0.0028270548936794,"VALLYSTYRt","MAR10973"
"VALTRPVALt",0.447051789045052,0.143968731393239,-0.0328186609079998,"VALTRPVALt","MAR10978"
"ALAASNLEUr",0.329528239921494,0.0506343932809945,-0.0300344078313795,"ALAASNLEUr","MAR10983"
"ALAHISALAr",0.920696206088992,0.335204929401332,-0.0653247212481105,"ALAHISALAr","MAR10985"
"ALALYSTHRr",1.22019821286667,0.58290488603691,-0.071287297597373,"ALALYSTHRr","MAR10986"
"ARGGLYGLYr",0,0.330927771279072,0.0401579483842918,"ARGGLYGLYr","MAR10997"
"ARGSERSERr",0.037821090248601,-0.011073498396265,-0.00356078116388599,"ARGSERSERr","MAR11004"
"ASNTYRTHRr",0.330379693987092,0.0501147934000073,-0.0301922203853816,"ASNTYRTHRr","MAR11015"
"ASPASNGLUr",0,0.0371012930638159,0.00633761106197415,"ASPASNGLUr","MAR11017"
"ASPGLUPROr",2.7471586599039,1.1467010894074,-0.182150483976853,"ASPGLUPROr","MAR11019"
"ASPGLUTRPr",0,0.0288075305245454,0.00538297331641386,"ASPGLUTRPr","MAR11020"
"ASPLYSGLUr",0,0.0480848593710921,0.00760185354879996,"ASPLYSGLUr","MAR11023"
"ASPLYSHISr",0,0.00888291762351923,0.00308958868538125,"ASPLYSHISr","MAR11024"
"ASPMETASPr",1.09190718969555,1.7424827112987,0.0769503940683748,"ASPMETASPr","MAR11025"
"ASPPROLYSr",0,0.0516316701067638,0.0080101024453169,"ASPPROLYSr","MAR11026"
"ASPVALASNr",0.656741012227245,0.339456597797279,-0.0344532810402258,"ASPVALASNr","MAR11027"
"CYSGLUHISr",0,0.000567119611778885,0.00213241458871838,"CYSGLUHISr","MAR11032"
"CYSLEUTHRr",0.288082432325634,0.175548038862086,-0.0108859197258284,"CYSLEUTHRr","MAR11034"
"CYSSERMETr",0.287056569991715,0.0637373310892753,-0.0236375984230738,"CYSSERMETr","MAR11035"
"GLUASNLEUr",0.0172211241217798,0.000662733922097049,0.000161215389250794,"GLUASNLEUr","MAR11046"
"GLUILELYSr",0,0.0101063413746845,0.00323040854683101,"GLUILELYSr","MAR11048"
"GLUTHRLYSr",0,0.010110106636957,0.00323084194017574,"GLUTHRLYSr","MAR11053"
"GLUTRPALAr",0.00222474785966832,0.0049194392893327,0.00237730469186842,"GLUTRPALAr","MAR11054"
"HISGLUGLNr",0,0.0111734976467111,0.00335324153763154,"HISGLUGLNr","MAR11067"
"HISHISLYSr",0,0.000496271397975316,0.00212425973996522,"HISHISLYSr","MAR11069"
"HISLYSGLUr",0,0.00961383523898155,0.0031737195658244,"HISLYSGLUr","MAR11071"
"ILEGLNGLUr",1.59180978502775,0.406254556458442,-0.134393939893317,"ILEGLNGLUr","MAR11083"
"ILEPROLYSr",0.0240605152224824,0.0559556330325844,0.00573836417207774,"ILEPROLYSr","MAR11085"
"ILETRPTYRr",0,0.000343655214751826,0.00210669314478015,"ILETRPTYRr","MAR11087"
"LEUASPLYSr",0,0.000268056660831699,0.00209799151717263,"LEUASPLYSr","MAR11090"
"LEULEUTRPr",0,0.000477683545167229,0.00212212022055946,"LEULEUTRPr","MAR11091"
"LEUSERTRPr",0,0.00159999237473139,0.00225130144148356,"LEUSERTRPr","MAR11094"
"LEUTYRTYRr",0.0475545171222215,0.0709834506140606,0.00476388014594172,"LEUTYRTYRr","MAR11097"
"LYSARGLEUr",5.09108645669476,5.47558909168939,0.0463245810644478,"LYSARGLEUr","MAR11099"
"LYSGLUGLUr",0.0476579065509863,0.0999726172035479,0.0080887225268154,"LYSGLUGLUr","MAR11102"
"LYSLYSLYSr",0,0.0385478399063029,0.00650411308201879,"LYSLYSLYSr","MAR11103"
"LYSTYRILEr",0.10409531615925,0.096411109404967,0.00118266137807573,"LYSTYRILEr","MAR11106"
"METMETILEr",0.118606595748944,0.0446746134779399,-0.00644266268542571,"METMETILEr","MAR11114"
"PHELEUASPr",0,0.0358488528082421,0.00619345131103256,"PHELEUASPr","MAR11121"
"PHEPHETHRr",0.12426587967811,0.0513584654353822,-0.00632473173333297,"PHEPHETHRr","MAR11127"
"PROGLNPROr",0,0.000168052113412599,0.00208648068415301,"PROGLNPROr","MAR11139"
"PROLYSPROr",0,0.0150545319898462,0.00379996060611579,"PROLYSPROr","MAR11144"
"PROPROPROr",0.281267269493391,0.464507299172351,0.0231586320884069,"PROPROPROr","MAR11147"
"PROVALGLNr",0,0.0510501669891052,0.00794316963615466,"PROVALGLNr","MAR11150"
"SERGLYGLUr",0,-0.0530129129356349,-0.0040348130399869,"SERGLYGLUr","MAR11154"
"THRASNTYRr",0,0.0230153283215605,0.00471627291033096,"THRASNTYRr","MAR11159"
"THRGLNGLUr",0.373849385661918,0.098776407290127,-0.0295946140643345,"THRGLNGLUr","MAR11160"
"THRGLNTYRr",0,0.0360462471487813,0.00621617201075677,"THRGLNTYRr","MAR11161"
"THRTYRMETr",0.201105063508269,0.0957240855831628,-0.0100625394505504,"THRTYRMETr","MAR11168"
"TRPASPASPr",0.377925175644028,0.580687527105231,0.025405711766184,"TRPASPASPr","MAR11171"
"TRPPROVALr",0,0.000343655214751826,0.00210669314478015,"TRPPROVALr","MAR11190"
"TRPTHRGLUr",0,0.00480125508742412,0.00261977669074721,"TRPTHRGLUr","MAR11192"
"TRPTHRILEr",0.151237889324788,0.144891552861928,0.00133665439063293,"TRPTHRILEr","MAR11193"
"TRPTHRTYRr",0,0.000687310429503652,0.0021462489239464,"TRPTHRTYRr","MAR11194"
"TRPTYRTYRr",0,0.000343655214751826,0.00210669314478015,"TRPTYRTYRr","MAR11196"
"TRPVALASPr",0,0.00068731042950365,0.0021462489239464,"TRPVALASPr","MAR11197"
"TYRALAPHEr",0.191836186473697,0.128895967723667,-0.00517747667392498,"TYRALAPHEr","MAR11199"
"TYRCYSTHRr",0.535357071608726,0.431436017484328,-0.00989449770119973,"TYRCYSTHRr","MAR11204"
"TYRPHETYRr",0,0.0383612266553796,0.00648263331908736,"TYRPHETYRr","MAR11207"
"TYRVALMETr",0.425615666805407,0.15469001683302,-0.0291172437255337,"TYRVALMETr","MAR11211"
"VALLEUPHEr",1.26845617316584,0.798321364196043,-0.0520468346729224,"VALLEUPHEr","MAR11214"
"VALLYSTYRr",0.10409531615925,0.110697376005005,0.00282705489367941,"VALLYSTYRr","MAR11215"
"VALTRPVALr",0.447051789045052,0.143968731393239,-0.0328186609079998,"VALTRPVALr","MAR11220"
"LNELDCCRNtr",0.000557150032437113,0.000462312856749524,0.00205622131307863,"LNELDCCRNtr","MAR11272"
"PCRNtr",-0.000646758497986959,-0.000336472008902478,0.00210285230114706,"PCRNtr","MAR11275"
"EX_sphmyln_hs[e]",-0.000426604215456791,-0.000327577817691832,0.00207853561058,"EX_sphmyln_hs[e]","MAR11281"
"HXAt3",-93.5782540158263,-56.0229350720047,4.32480061816778,"HXAt3","MAR11292"
"EX_hxa[e]",-93.5782540158263,-56.0229350720047,4.32480061816778,"EX_hxa[e]","MAR11293"
"EX_HC00342[e]",-0.00192694216405496,-0.00349760673534943,0.00188634901071799,"EX_HC00342[e]","MAR11350"
"PGLYCtm",-0.0822685513796254,-0.08367808496004,0.00190489568662595,"PGLYCtm","MAR11371"
"ADNCNT3tc",0,-7.70220267916482,-0.884480236841345,"ADNCNT3tc","MAR11395"
"BUTt2r",-0.000125662763466043,-0.000295388575929459,0.0020476013991323,"BUTt2r","MAR11396"
"EX_fum[e]",-0.0290326463700234,-0.0270319206404793,0.00229742709128338,"EX_fum[e]","MAR11400"
"EX_mal_L[e]",-0.0677785847680293,-0.068167918897991,0.00202232380188616,"EX_mal_L[e]","MAR11404"
"GALt2_2",-17.4376790205914,-35.4021887796884,-2.06570355359856,"GALt2_2","MAR11410"
"INSt2",0,-6.32670767820292,-0.72615650373104,"INSt2","MAR11415"
"EX_glcur[e]",-0.00011634660421589,-8.66010322637872e-05,0.00207056117303716,"EX_glcur[e]","MAR11424"
"THMt3",0.000775644028103044,0.000771878765830699,0.00206670397226919,"THMt3","MAR11433"
"EX_phpyr[e]",-0.0230992974238876,-0.0102114914769896,0.00355056373044051,"EX_phpyr[e]","MAR11438"
"PHPYRte",0.0230992974238876,0.0102114914769896,0.000583711000787284,"PHPYRte","MAR11442"
"2M3OVCOAm",0.000116346604215456,0.000260233956893778,0.00208369924537897,"2M3OVCOAm","MAR11486"
"2M3OVACm",0.000116346604215456,0.000260233956893778,0.00208369924537897,"2M3OVACm","MAR11487"
"2M3OVACtm",0.000116346604215456,0.000260233956893778,0.00208369924537897,"2M3OVACtm","MAR11488"
"2M3HVACc",0.000116346604215456,0.000260233956893778,0.00208369924537897,"2M3HVACc","MAR11489"
"2M3HVACte",0.000116346604215456,0.000260233956893778,0.00208369924537897,"2M3HVACte","MAR11490"
"EX_2m3hvac[e]",0.000116346604215456,0.000260233956893778,0.00208369924537897,"EX_2m3hvac[e]","MAR11491"
"PAIL_hs_t1e",0.286782950819672,0.286782950819672,0.00206713736561389,"PAIL_hs_t1e","MAR11649"
"MLTHFte3",0.0785107274600782,3.74312534559597,0.423875625472175,"MLTHFte3","MAR11800"
"1A25DHVITD3te",0.000386697892271663,0.000386697892271663,0.0020671373656139,"1A25DHVITD3te","MAR11815"
"13_CIS_RETNte",-0.00160833723653396,-0.00182629124877198,0.0020420501840249,"13_CIS_RETNte","MAR11894"
"EX_13_cis_retn[e]",-0.00160833723653396,-0.00182629124877198,0.0020420501840249,"EX_13_cis_retn[e]","MAR11895"
"CE1617te",-0.000386697892271663,-0.000386697892271663,0.0020671373656139,"CE1617te","MAR11896"
"EX_CE1617[e]",-0.000386697892271663,-0.000386697892271663,0.0020671373656139,"EX_CE1617[e]","MAR11897"
"EX_sphings[e]",2.50768093676815,2.50777996316591,0.00207853561057974,"EX_sphings[e]","MAR11947"
"EX_mlthf[e]",-0.0785107274600782,-3.74312534559597,-0.419741350740947,"EX_mlthf[e]","MAR11953"
"SPHGNte",0.00139615925058548,0.000592471289069481,0.00197463039304472,"SPHGNte","MAR11958"
"EX_sphgn[e]",-0.00139615925058548,-0.000592471289069481,0.00215964433818307,"EX_sphgn[e]","MAR11959"
"EX_1a25dhvitd3[e]",-0.000386697892271663,-0.000386697892271663,0.0020671373656139,"EX_1a25dhvitd3[e]","MAR11965"
"FDPte",-0.150479907300944,-0.171640797127371,-0.000368546567016133,"FDPte","MAR11973"
"EX_fdp[e]",-0.150479907300944,-0.171640797127371,-0.000368546567016133,"EX_fdp[e]","MAR11974"
"CRMte",2.73248454070484,2.74891391732067,0.00395820947905187,"CRMte","MAR12040"
"EX_gluside_hs[e]",-0.0274169112857917,-0.0119892754270094,0.00384290601655099,"EX_gluside_hs[e]","MAR12043"
"NEU22",0.045003531598866,0.0259721524606448,-0.000123433293889523,"NEU22","MAR12067"
"NEU24",0.045003531598866,0.0259721524606448,-0.000123433293889523,"NEU24","MAR12068"
"SPHMYLNtl2",0.000426604215456791,0.000327577817691832,0.00205573912064779,"SPHMYLNtl2","MAR12085"
"EX_pail_hs[e]",-0.286782950819672,-0.286782950819672,0.0020671373656139,"EX_pail_hs[e]","MAR12127"
"EX_h2co3[e]",0,0.00321114828310384,0.00243675047463735,"EX_h2co3[e]","MAR13066"
"CYOOm3i",0.013005599989573,0.0115459052535454,0.00189912198231716,"CYOOm3i","MAR13081"
"HMR_10023",18.7353629976581,18.7353629976581,0.0020671373656139,"HMR_10023",NA
"HMR_10024",18.7353629976581,18.7353629976581,0.0020671373656139,"HMR_10024",NA
"HMR_10027",0.045003531598866,0.0259721524606448,-0.000123433293889523,"HMR_10027",NA
"HMR_10046",0.253616674473069,0.253715700870832,0.00207853561057986,"HMR_10046",NA
"HMR_10047",0.253616674473069,0.253715700870832,0.00207853561057986,"HMR_10047",NA
"HMR_10049",-0.00268882566955495,-0.00127929208914028,0.00222937904460184,"HMR_10049",NA
"HMR_10062",100,100,0.0020671373656139,"HMR_10062",NA
"HMR_10063",4.14426229508197,4.14426229508197,0.0020671373656139,"HMR_10063",NA
"HMR_10064",9.05854800936768,9.05854800936768,0.0020671373656139,"HMR_10064",NA
"HMR_10065",0.0224824355971897,0.0224824355971897,0.0020671373656139,"HMR_10065",NA
"biomass_human",18.7353629976581,18.7353629976581,0.0020671373656139,"biomass_human",NA
