"","means_1","means_2","means_3","hmr","mar"
"HMR_4355",0.000870033588326024,0,0.00339205466877364,"HMR_4355","MAR04355"
"HMR_4358",0.000325309650153594,0,0.001818374253548,"HMR_4358","MAR04358"
"HMR_4363",0.0800810252836142,0.0866919653031205,0.0619502243687128,"HMR_4363","MAR04363"
"HMR_4365",-0.0799332159933824,-0.0865880425061846,-0.0619502243687128,"HMR_4365","MAR04365"
"HMR_4368",0.103785014846394,0.112258181372167,0.0834966278481373,"HMR_4368","MAR04368"
"HMR_4371",0.0126819672131148,0.0126819672131148,0.0126819672131148,"HMR_4371","MAR04371"
"HMR_4373",-0.116466982059509,-0.124940148585282,-0.0961785950612521,"HMR_4373","MAR04373"
"HMR_4375",-0.0902791037902164,-0.089443392699459,-0.090572678935993,"HMR_4375","MAR04375"
"HMR_4381",0.0676276085680249,0.0777634113137725,0.0596903631895168,"HMR_4381","MAR04381"
"HMR_4391",-0.00187176589080095,0.000991380340753689,-0.0146219094616549,"HMR_4391","MAR04391"
"HMR_4394",0.0176581752022485,0.0110756329444979,0.0292432680169236,"HMR_4394","MAR04394"
"HMR_4396",-0.0513315508465326,-0.0540082892363353,-0.0537692000016695,"HMR_4396","MAR04396"
"HMR_3944",0.053491052891026,0.0548168006972762,0.0537692000016695,"HMR_3944","MAR03944"
"HMR_4128",0.0262241695914096,0.0248984217851594,0.0259460224807661,"HMR_4128","MAR04128"
"HMR_4130",0.0262241695914097,0.024898421785159,0.0259460224807661,"HMR_4130","MAR04130"
"HMR_8767",0.0262241695914097,0.024898421785159,0.0259460224807661,"HMR_8767","MAR08767"
"HMR_0454",5.49668996293496e-05,0.000152943892865389,0,"HMR_0454","MAR00454"
"HMR_4193",0.00715986838585836,0.00328199045118764,0.00298495318754879,"HMR_4193","MAR04193"
"HMR_4304",0.000118829408619005,0.000279128513004137,0.000331696219471395,"HMR_4304","MAR04304"
"HMR_4350",0.00392149697862815,0.00241590319218132,0,"HMR_4350","MAR04350"
"HMR_4352",0.0722430985125689,0.0831985401193926,0.0617334373263635,"HMR_4352","MAR04352"
"HMR_4354",0.114097854349355,0.129025422973144,0.0944118655914191,"HMR_4354","MAR04354"
"HMR_4404",0.0361215492562845,0.0415992700596963,0.0308667186631818,"HMR_4404","MAR04404"
"HMR_4477",-0.0302141590000181,-0.0579503529303516,-0.0289590941111717,"HMR_4477","MAR04477"
"HMR_4501",0.0361215492562845,0.0415992700596963,0.0308667186631818,"HMR_4501","MAR04501"
"HMR_4565",0.0369915828446105,0.0415992700596963,0.0342587733319554,"HMR_4565","MAR04565"
"HMR_4567",0.000870033588326024,0,0.00319794292571576,"HMR_4567","MAR04567"
"HMR_8653",0.000118829408619005,0.000279128513004137,0.000331696219471395,"HMR_8653","MAR08653"
"HMR_4002",1.14575638436307,1.1464589512767,1.18993857581841,"HMR_4002","MAR04002"
"HMR_4004",-0.00775644028103045,-0.00775644028102862,-0.00775644028101768,"HMR_4004","MAR04004"
"HMR_4020",-0.753130679156909,-0.753130679156909,-0.753130679156909,"HMR_4020","MAR04020"
"HMR_4080",0,0,0.000398739474431014,"HMR_4080","MAR04080"
"HMR_4085",0.0464320158240723,0.0415905073340075,0.0814258716835201,"HMR_4085","MAR04085"
"HMR_4171",0.0287955550449159,0.0333919133882832,0.0316708786852675,"HMR_4171","MAR04171"
"HMR_4418",0,0,0.000398739474431014,"HMR_4418","MAR04418"
"HMR_4421",0.0159018267415893,0.0235890054283244,0.0192235554644679,"HMR_4421","MAR04421"
"HMR_4452",-0.754036533957845,-0.754036533957845,-0.754036533957845,"HMR_4452","MAR04452"
"HMR_4480",-0.0201276872202988,-0.0280198599833496,-0.0294380352235846,"HMR_4480","MAR04480"
"HMR_4573",0.0893864572147677,0.0949231263489286,0.081864290046983,"HMR_4573","MAR04573"
"HMR_4600",0.100046838407494,0.100046838407494,0.100046838407494,"HMR_4600","MAR04600"
"HMR_4603",-0.0210335420212355,-0.0289257147842865,-0.0303438900245215,"HMR_4603","MAR04603"
"HMR_4611",0.128046975485966,0.121485693996265,0.120632222387656,"HMR_4611","MAR04611"
"HMR_4612",0.00189559490497624,0.000564703631626454,0,"HMR_4612","MAR04612"
"HMR_4651",0.122182310793139,0.135104213770272,0.1007204972408,"HMR_4651","MAR04651"
"HMR_4695",0.0210335420212355,0.0289257147842865,0.0303438900245215,"HMR_4695","MAR04695"
"HMR_5353",-0.100046838407494,-0.100046838407494,-0.100046838407494,"HMR_5353","MAR05353"
"HMR_4016",-0.00753827523668473,-0.00199032885839628,-0.00600261975339658,"HMR_4016","MAR04016"
"HMR_4018",9.53177426462803e-05,0.0002365260057065,0,"HMR_4018","MAR04018"
"HMR_4044",7.86535346025186,14.0766377082945,-0.0102144797591167,"HMR_4044","MAR04044"
"HMR_4291",0,-0.000270181336142197,0,"HMR_4291","MAR04291"
"HMR_4420",7.8740157480315,14.0845070422535,0,"HMR_4420","MAR04420"
"HMR_4570",-0.0122768570456251,-0.00544125007354053,-0.018993227590019,"HMR_4570","MAR04570"
"HMR_4006",0.00303869295026646,0,0,"HMR_4006","MAR04006"
"HMR_4028",-0.00756915829496548,-0.00139123139121664,-0.00207841551580258,"HMR_4028","MAR04028"
"HMR_4030",-0.0849573770491803,-0.0849573770491803,-0.0849573770491803,"HMR_4030","MAR04030"
"HMR_4670",-0.100046838407495,-0.100046838407494,-0.100046838407494,"HMR_4670","MAR04670"
"HMR_6614",7.87165243688801,14.0823933766534,0,"HMR_6614","MAR06614"
"HMR_6615",7.8740157480315,14.0845070422535,0,"HMR_6615","MAR06615"
"HMR_4635",-7.88545122829923,-14.0942047260979,-0.0256883004371912,"HMR_4635","MAR04635"
"HMR_3931",0.129942570390942,0.122050397627891,0.120632222387656,"HMR_3931","MAR03931"
"HMR_4032",0.093592648589458,0.086564304742392,0.092203163756002,"HMR_4032","MAR04032"
"HMR_4182",0.00467003598324209,0,0.0044548343927735,"HMR_4182","MAR04182"
"HMR_4194",0.00447064711173132,0,0.00764528179726496,"HMR_4194","MAR04194"
"HMR_4512",-0.0302439935385916,-0.0417470412360033,-0.0294727038940385,"HMR_4512","MAR04512"
"HMR_4577",0.734848398926523,0.741695573063248,0.701231628387035,"HMR_4577","MAR04577"
"HMR_4575",-0.038951756440281,-0.038951756440281,-0.038951756440281,"HMR_4575","MAR04575"
"HMR_4637",-0.150070257611241,-0.150070257611241,-0.150070257611241,"HMR_4637","MAR04637"
"HMR_4644",0.0957755535636364,0.116864945103094,0.0893123159785794,"HMR_4644","MAR04644"
"HMR_6627",0.13627146620002,0.138258908166743,0.12438195717405,"HMR_6627","MAR06627"
"HMR_3967",0,-0.00135047827056464,0,"HMR_3967","MAR03967"
"HMR_4024",-0.20260897857819,-0.220121153005382,-0.209812029852382,"HMR_4024","MAR04024"
"HMR_4026",-0.0838245944766608,-0.0842275907243257,-0.0806133603356323,"HMR_4026","MAR04026"
"HMR_4054",0.0542947040476046,0.0332053125081479,0.0607579416326617,"HMR_4054","MAR04054"
"HMR_4180",0.576127558245311,0.59229658518735,0.574557609983702,"HMR_4180","MAR04180"
"HMR_4507",0.0957755535636362,0.116864945103094,0.0893123159785794,"HMR_4507","MAR04507"
"HMR_4633",0.0210335420212355,0.0289257147842865,0.0303438900245215,"HMR_4633","MAR04633"
"HMR_7160",0.500234192037471,0.500234192037471,0.500234192037471,"HMR_7160","MAR07160"
"HMR_7162",2.10585480093677,2.10585480093677,2.10585480093677,"HMR_7162","MAR07162"
"HMR_7800",0.00366454293817548,0.00129657326041915,0.00291485887147313,"HMR_7800","MAR07800"
"HMR_7886",-7.8740157480315,-14.0845070422535,0,"HMR_7886","MAR07886"
"HMR_8443",0.00215950204449313,0.000808511460940851,0,"HMR_8443","MAR08443"
"HMR_8448",-0.000651184219270977,-0.000317538014975089,-0.000810679229507975,"HMR_8448","MAR08448"
"HMR_8450",-0.000965291633627645,0,0,"HMR_8450","MAR08450"
"HMR_8456",-0.0411680784381104,-0.0435018686565413,-0.0590263672894244,"HMR_8456","MAR08456"
"HMR_8461",0,0,-0.000805185680829725,"HMR_8461","MAR08461"
"HMR_8463",-0.0276694747971634,-0.0147979285149492,-0.0107425815432015,"HMR_8463","MAR08463"
"HMR_8465",-0.0375958906291618,-0.0289184326680779,-0.046483050043627,"HMR_8465","MAR08465"
"HMR_8467",-0.341319309428959,-0.341975375134072,-0.326832434985584,"HMR_8467","MAR08467"
"HMR_8469",-0.000177521252466393,-0.00076011017219068,0,"HMR_8469","MAR08469"
"HMR_3802",-0.0089143387585906,-0.0058897381209373,-0.00974607481406175,"HMR_3802","MAR03802"
"HMR_3831",0.000399432038208339,0,0,"HMR_3831","MAR03831"
"HMR_3899",-0.0540405781879788,-0.0533992306251335,-0.0463165916760083,"HMR_3899","MAR03899"
"HMR_3956",0.0123673134049832,0.0126789194492089,0.0116212900158468,"HMR_3956","MAR03956"
"HMR_4190",-0.000714368704781648,-4.05729000926134e-05,0,"HMR_4190","MAR04190"
"HMR_8607",0,0.00035751951135668,0,"HMR_8607","MAR08607"
"HMR_3839",0.00392299323240333,0.00574133324537388,0.00161759785881566,"HMR_3839","MAR03839"
"HMR_3841",0.00392299323240333,0.00574133324537388,0.00161759785881566,"HMR_3841","MAR03841"
"HMR_3845",-3.27729110251687,-4.24909036317344,-1.20380791282803,"HMR_3845","MAR03845"
"HMR_4198",0.00369666634627294,0.00352994310897849,0,"HMR_4198","MAR04198"
"HMR_4658",-0.0114299957616714,-0.00492293720749615,-0.00408874539308101,"HMR_4658","MAR04658"
"HMR_8566",19.705001221141,33.6041274138084,13.727927668414,"HMR_8566","MAR08566"
"HMR_3208",0.00337298123413897,0.00380386253202466,0.00378608282112458,"HMR_3208","MAR03208"
"HMR_3213",0.00337298123413897,0.00380386253202466,0.00378608282112458,"HMR_3213","MAR03213"
"HMR_3215",0.00337298123413897,0.00380386253202466,0.00378608282112458,"HMR_3215","MAR03215"
"HMR_6725",0.0765612050139417,0.0871917142197447,0.0857973904315825,"HMR_6725","MAR06725"
"HMR_3996",0.00389559786371748,0.00866745748936911,0.00689625645261784,"HMR_3996","MAR03996"
"HMR_4323",0.196400687133503,0.446263304082008,0.0643035742533889,"HMR_4323","MAR04323"
"HMR_5390",0,0.00035751951135668,-9.23507921920689e-19,"HMR_5390","MAR05390"
"HMR_8682",0.000574789134964686,0.000612408879506546,0.00080879892940784,"HMR_8682","MAR08682"
"HMR_4116",0.000331065665972081,0.000293445921430221,9.70558715289395e-05,"HMR_4116","MAR04116"
"HMR_4176",0.0144451123937377,0,0,"HMR_4176","MAR04176"
"HMR_4329",0.0144451123937377,0,0,"HMR_4329","MAR04329"
"HMR_3988",0.0298474849063113,0.0373678040474584,0.0284198839227047,"HMR_3988","MAR03988"
"HMR_4158",0.443337557991991,0.442804155352931,0.445098474006353,"HMR_4158","MAR04158"
"HMR_4159",0.0277069384951289,0.0282403411341879,0.025946022480766,"HMR_4159","MAR04159"
"HMR_4524",0.443287163264741,0.442804155352931,0.445098474006353,"HMR_4524","MAR04524"
"HMR_4527",0.110827753980516,0.112961364536751,0.103784089923064,"HMR_4527","MAR04527"
"HMR_4631",0.443337557991991,0.442804155352931,0.445098474006353,"HMR_4631","MAR04631"
"HMR_8366",0.0277069384951289,0.0279701597980457,0.025946022480766,"HMR_8366","MAR08366"
"HMR_8367",0,0.000270181336142197,0,"HMR_8367","MAR08367"
"HMR_8368",0.0277069384951289,0.0282403411341879,0.025946022480766,"HMR_8368","MAR08368"
"HMR_8373",-0.110827753980516,-0.112961364536751,-0.103784089923064,"HMR_8373","MAR08373"
"HMR_8375",0.272434638073824,0.254790370371763,0.284059092651395,"HMR_8375","MAR08375"
"HMR_5130",2.81,2.81,2.81,"HMR_5130","MAR05130"
"HMR_5131",8.01,8.01,8.01,"HMR_5131","MAR05131"
"HMR_5132",5.12,5.12,5.12,"HMR_5132","MAR05132"
"HMR_5133",3.75,3.75,3.75,"HMR_5133","MAR05133"
"HMR_5134",5.56,5.56,5.56,"HMR_5134","MAR05134"
"HMR_5135",1.83,1.83,1.83,"HMR_5135","MAR05135"
"HMR_5136",4.28,4.28,4.28,"HMR_5136","MAR05136"
"HMR_5137",7.83,7.83,7.83,"HMR_5137","MAR05137"
"HMR_5138",7.21,7.21,7.21,"HMR_5138","MAR05138"
"HMR_5139",2.28,2.28,2.28,"HMR_5139","MAR05139"
"HMR_5140",4.42,4.42,4.42,"HMR_5140","MAR05140"
"HMR_5141",9.11,9.11,9.11,"HMR_5141","MAR05141"
"HMR_5142",7.19,7.19,7.19,"HMR_5142","MAR05142"
"HMR_5143",2.22,2.22,2.22,"HMR_5143","MAR05143"
"HMR_5145",3.68,3.68,3.68,"HMR_5145","MAR05145"
"HMR_5146",5.1,5.1,5.1,"HMR_5146","MAR05146"
"HMR_5147",6.61,6.61,6.61,"HMR_5147","MAR05147"
"HMR_5148",5.35,5.35,5.35,"HMR_5148","MAR05148"
"HMR_5149",0.98,0.98,0.98,"HMR_5149","MAR05149"
"HMR_5150",6.67,6.67,6.67,"HMR_5150","MAR05150"
"HMR_5407",0.000155639462150024,0.00899447776080906,0.000111514771746235,"HMR_5407","MAR05407"
"HMR_0710",0.000149787014328127,0.0073804667416873,0,"HMR_0710","MAR00710"
"HMR_4141",-0.0128947330801219,-0.0133484803767559,-0.0120794791566833,"HMR_4141","MAR04141"
"HMR_4145",-0.0128947330801219,-0.0133484803767559,-0.0120794791566833,"HMR_4145","MAR04145"
"HMR_4147",-9.53177426462803e-05,-0.0002365260057065,0,"HMR_4147","MAR04147"
"HMR_4152",0.0157100100411109,0.0166208865448181,0.015576908372351,"HMR_4152","MAR04152"
"HMR_4408",0.00250008533415186,0.000685280640210546,0.0038684486505245,"HMR_4408","MAR04408"
"HMR_4410",0.015751980876331,0.0168574125505246,0.015576908372351,"HMR_4410","MAR04410"
"HMR_4458",0.00309326919323079,0.00337021509231126,0.00349742921566769,"HMR_4458","MAR04458"
"HMR_4589",0.000114123439488097,0.00020413629316885,-3.09772049281573e-19,"HMR_4589","MAR04589"
"HMR_4652",-0.0158053277837572,-0.0168574125505246,-0.015576908372351,"HMR_4652","MAR04652"
"HMR_5297",0.0124323465496182,0.0130535500184999,0.0117908255512264,"HMR_5297","MAR05297"
"HMR_6911",0.00680649251553879,0.00678547270998088,0.00593337416636545,"HMR_6911","MAR06911"
"HMR_6912",0.0761218689609538,0.0742909622646495,0.0704006846647832,"HMR_6912","MAR06912"
"HMR_6914",0.00447549805170353,0.00736379977847078,0.00295732453788088,"HMR_6914","MAR06914"
"HMR_6916",0.136304218245228,0.133063424715837,0.128176897504009,"HMR_6916","MAR06916"
"HMR_6918",0.0342094067805107,0.0337282218696699,0.0316387427846099,"HMR_6918","MAR06918"
"HMR_6921",0.0510064342309381,0.0493763366471565,0.0495290601199254,"HMR_6921","MAR06921"
"HMR_3960",5.89280925758661,9.33009241184143,2.57378142058816,"HMR_3960","MAR03960"
"HMR_3980",2.94674158114731,4.66532843582377,1.28722888025059,"HMR_3980","MAR03980"
"HMR_3982",0.00277044593529967,0.00290044473302522,0.00277794021085292,"HMR_3982","MAR03982"
"HMR_4767",0.000182610011648402,0.000155223801827357,0.000193348946135831,"HMR_4767","MAR04767"
"HMR_8409",0.000231574589435794,-5.00382208281761e-17,0,"HMR_8409","MAR08409"
"HMR_8410",0.000113631917437736,7.87708169765163e-05,0.000128620468544241,"HMR_8410","MAR08410"
"HMR_0156",0.00129092767616974,0.0013298759763663,0.00121789186758921,"HMR_0156","MAR00156"
"HMR_0168",58.9974322668851,57.7296041584071,66.7545784743468,"HMR_0168","MAR00168"
"HMR_0174",0.000464047693385573,0.000350238340479946,0.000379500205609609,"HMR_0174","MAR00174"
"HMR_0353",-0.000128445112393743,-0.00015572771624105,-0.000134718969555035,"HMR_0353","MAR00353"
"HMR_0377",-7.86767315799417e-05,-0.000177471366940526,-0.00019532695474487,"HMR_0377","MAR00377"
"HMR_2982",0.000128445112393743,0.00015572771624105,0.000134718969555035,"HMR_2982","MAR02982"
"HMR_2591",0.00186210432912338,0.00181087621726944,0.00181170960187354,"HMR_2591","MAR02591"
"HMR_2594",-0.000653033274260212,-0.000526148410892066,-0.000377867592583502,"HMR_2594","MAR02594"
"HMR_2714",0.000128445112393743,0.00015572771624105,0.000134718969555035,"HMR_2714","MAR02714"
"HMR_2730",7.64398407738483e-05,0.000168771604106915,0.000194281297859031,"HMR_2730","MAR02730"
"HMR_2593",-0.00186210432912338,-0.00181087621726944,-0.00181170960187354,"HMR_2593","MAR02593"
"HMR_2655",-0.000219559087443782,-0.00022369658987172,-0.000210007057201562,"HMR_2655","MAR02655"
"HMR_2656",0.00027530834617755,0.000282419011553911,0.00029016393442623,"HMR_2656","MAR02656"
"HMR_2673",0.000473080748322841,0.000366011069160982,0.000292263287983156,"HMR_2673","MAR02673"
"HMR_2674",-0.000531463986395655,-0.000408023683280419,-0.000354065762642369,"HMR_2674","MAR02674"
"HMR_2731",-5.57877266800068e-05,-0.000161309124310106,-0.000165806051366014,"HMR_2731","MAR02731"
"HMR_2732",-7.64398407738503e-05,-0.000168771604106915,-0.000194281297859031,"HMR_2732","MAR02732"
"HMR_2744",-0.000740306015458624,-0.000768668256614372,-0.000626663465495568,"HMR_2744","MAR02744"
"HMR_2745",0.000867671501789034,0.00084921290957661,0.000742338719722267,"HMR_2745","MAR02745"
"HMR_2817",0.00027530834617755,0.000282419011553911,0.00029016393442623,"HMR_2817","MAR02817"
"HMR_2819",-0.00027530834617755,-0.000282419011553911,-0.00029016393442623,"HMR_2819","MAR02819"
"HMR_2861",0.000128445112393743,0.00015572771624105,0.000134718969555035,"HMR_2861","MAR02861"
"HMR_2862",-0.000128445112393743,-0.00015572771624105,-0.000134718969555035,"HMR_2862","MAR02862"
"HMR_0670",0.000353136721127072,0.000358928275045843,0.000193911007025761,"HMR_0670","MAR00670"
"HMR_0681",0.000353136721127072,0.000358928275045843,0.000193911007025761,"HMR_0681","MAR00681"
"HMR_3430",3.08038641677311e-05,7.62507340785484e-05,4.0800116676144e-05,"HMR_3430","MAR03430"
"HMR_7942",-0.001389471380251,-0.00124813405020286,-0.00121621947139511,"HMR_7942","MAR07942"
"HMR_7943",0.001389471380251,0.00124813405020286,0.00121621947139511,"HMR_7943","MAR07943"
"HMR_0736",0.253713477290751,0.253726466339019,0.253627755102041,"HMR_0736","MAR00736"
"HMR_0753",-0.000694058575669845,-0.000717856550091686,-0.000387822014051522,"HMR_0753","MAR00753"
"HMR_0758",2.50777773958583,2.5077907286341,2.50769201739712,"HMR_0758","MAR00758"
"HMR_0762",0.0155299668039677,0.00580030381949474,0.0226429145854193,"HMR_0762","MAR00762"
"HMR_8219",0.000694058575669845,0.000717856550091686,0.000387822014051522,"HMR_8219","MAR08219"
"HMR_0453",-5.49668996293496e-05,-0.000152943892865389,0,"HMR_0453","MAR00453"
"HMR_4390",-0.00061576334331879,1.36823260077044e-18,-0.0017146537303446,"HMR_4390","MAR04390"
"HMR_0448",0.000273740088329123,0.000195059818404442,0.000138507862161258,"HMR_0448","MAR00448"
"HMR_0479",0.00674624814795382,0.0033016610706491,0.0183668361711626,"HMR_0479","MAR00479"
"HMR_0579",0.0849573770491803,0.0849573770491803,0.0849573770491803,"HMR_0579","MAR00579"
"HMR_0580",0.0849573770491803,0.0849573770491803,0.0849573770491803,"HMR_0580","MAR00580"
"HMR_0581",0.0849573770491803,0.0849573770491803,0.0849573770491803,"HMR_0581","MAR00581"
"HMR_0586",0.0838245944766608,0.0842275907243257,0.0806133603356323,"HMR_0586","MAR00586"
"HMR_0598",0.000775644028103044,0.000775644028103044,0.000775644028103044,"HMR_0598","MAR00598"
"HMR_0614",0.000422507306975972,0.000416715753057201,0.000581733021077283,"HMR_0614","MAR00614"
"HMR_0632",2.33786298548747,2.33787597453574,2.33777726329876,"HMR_0632","MAR00632"
"HMR_0651",0.000422507306975972,0.000416715753057201,0.000581733021077283,"HMR_0651","MAR00651"
"HMR_0819",0.0277069384951289,0.0282403411341879,0.025946022480766,"HMR_0819","MAR00819"
"HMR_0821",0.0277069384951289,0.0282403411341879,0.025946022480766,"HMR_0821","MAR00821"
"HMR_0845",0.0277069384951289,0.0282403411341879,0.025946022480766,"HMR_0845","MAR00845"
"HMR_0847",0.0277069384951289,0.0282403411341879,0.025946022480766,"HMR_0847","MAR00847"
"HMR_7571",0.000164900698889522,0.000158406174749959,0.000207761793242414,"HMR_7571","MAR07571"
"HMR_7572",0.000164900698889522,0.000158406174749959,0.000207761793242414,"HMR_7572","MAR07572"
"HMR_7573",0.000164900698889522,0.000158406174749959,0.000207761793242414,"HMR_7573","MAR07573"
"HMR_1684",0.000105012995578967,7.06458665293695e-05,0.000123103420921689,"HMR_1684","MAR01684"
"HMR_1692",-0.000105012995578967,-7.06458665293695e-05,-0.000123103420921689,"HMR_1692","MAR01692"
"HMR_1694",-0.000105012995578967,-7.06458665293695e-05,-0.00012310342092169,"HMR_1694","MAR01694"
"HMR_1774",0.000105012995578967,7.06458665293695e-05,0.000123103420921689,"HMR_1774","MAR01774"
"HMR_1830",10.9019759024905,19.6470029440636,9.90319177784644,"HMR_1830","MAR01830"
"HMR_1832",-0.106658742291856,-0.469124481044232,0,"HMR_1832","MAR01832"
"HMR_1834",11.0086346447824,20.1161274251079,9.90319177784644,"HMR_1834","MAR01834"
"HMR_1835",0.106658742291854,0.469124481044232,0,"HMR_1835","MAR01835"
"HMR_1841",0.727071003073404,0.298629617139217,0,"HMR_1841","MAR01841"
"HMR_1844",41.2815487156689,42.6173589825614,34.3643023824273,"HMR_1844","MAR01844"
"HMR_1855",0,0.00230656859187914,0,"HMR_1855","MAR01855"
"HMR_1877",0,-0.00230656859187914,0,"HMR_1877","MAR01877"
"HMR_4262",-0.0272438807927499,-0.0292495464394103,-0.029019705587141,"HMR_4262","MAR04262"
"HMR_4265",0.00808445644378408,0.00607879079712796,0.00630863164938269,"HMR_4265","MAR04265"
"HMR_4269",0.00543512880562166,0.0054351288056207,0.00543512880561012,"HMR_4269","MAR04269"
"HMR_8791",0.00808445644378418,0.00607879079712803,0.00630863164938106,"HMR_8791","MAR08791"
"HMR_4308",0.00137410431279338,0.00049758221459907,0.000163906031763174,"HMR_4308","MAR04308"
"HMR_3929",-0.0114299957616715,-0.00492293720749615,-0.00408874539308101,"HMR_3929","MAR03929"
"HMR_4332",-7.77277495931776,0.0229593615869852,0.010943027777853,"HMR_4332","MAR04332"
"HMR_4333",3.39308294164778,-6.95363271511326,-1.91488422385965,"HMR_4333","MAR04333"
"HMR_4654",7.82735165757289,0.0356648296209172,0.0190774374057385,"HMR_4654","MAR04654"
"HMR_4655",-12.3028192288065,-7.08320312825028,-2.01233094946611,"HMR_4655","MAR04655"
"HMR_7920",0.346479099346387,0.346910863646712,0.4506502360817,"HMR_7920","MAR07920"
"HMR_8129",0.201906474538085,0.22319031088507,0.153778178619444,"HMR_8129","MAR08129"
"HMR_8132",1.6302830277989,1.87126310247774,1.3268693006488,"HMR_8132","MAR08132"
"HMR_8144",0.0114299957616715,0.00492293720749615,0.00408874539308101,"HMR_8144","MAR08144"
"HMR_7663",0.000622958195799298,0.00068824751789425,0.000720240883238541,"HMR_7663","MAR07663"
"HMR_6630",0.00143680725756257,0.00172588480132639,0.00105628599584828,"HMR_6630","MAR06630"
"HMR_6632",0.002668394465685,0.00268735624002198,0.0027080093676815,"HMR_6632","MAR06632"
"HMR_6634",0.000775644028103044,0.000775644028103044,0.000775644028103044,"HMR_6634","MAR06634"
"HMR_6638",0.0132008069699121,0.0178362808136746,0.00785602088972762,"HMR_6638","MAR06638"
"HMR_6641",0.000386697892271663,0.000386697892271663,0.000386697892271663,"HMR_6641","MAR06641"
"HMR_6642",0.000386697892271663,0.000386697892271663,0.000386697892271663,"HMR_6642","MAR06642"
"HMR_6643",0.000961150675837653,0.000976909324801268,0.000968752091000336,"HMR_6643","MAR06643"
"HMR_6644",0.0228307504806188,0.0300026993528906,0.0243419509504316,"HMR_6644","MAR06644"
"HMR_6647",0.00102065322022592,0.00102563509347054,0.00103648042823687,"HMR_6647","MAR06647"
"HMR_6648",0.000386697892271663,0.000386697892271663,0.000386697892271663,"HMR_6648","MAR06648"
"HMR_6649",0.000386697892271663,0.000386697892271663,0.000386697892271663,"HMR_6649","MAR06649"
"HMR_6650",0.000712498478673772,0.000697145495926378,0.000745774506523921,"HMR_6650","MAR06650"
"HMR_6651",0.000433627763742647,0.000382359732163472,0.000443225158916025,"HMR_6651","MAR06651"
"HMR_6652",0.00032580058640211,0.000310447603654715,0.000359076614252258,"HMR_6652","MAR06652"
"HMR_6653",0.000386697892271663,0.000386697892271663,0.000386697892271663,"HMR_6653","MAR06653"
"HMR_6654",0.000386697892271663,0.000386697892271663,0.000386697892271663,"HMR_6654","MAR06654"
"HMR_6655",0.000386697892271663,0.000386697892271663,0.000386697892271663,"HMR_6655","MAR06655"
"HMR_6656",0.000386697892271663,0.000386697892271663,0.000386697892271663,"HMR_6656","MAR06656"
"HMR_6657",0.000386697892271663,0.000386697892271663,0.000386697892271663,"HMR_6657","MAR06657"
"HMR_6658",0.000386697892271663,0.000386697892271663,0.000386697892271663,"HMR_6658","MAR06658"
"HMR_6660",-6.08973058695532e-05,-7.62502886169476e-05,-2.76212780194045e-05,"HMR_6660","MAR06660"
"HMR_6662",-0.000195437865348799,-0.000181424914363111,-0.000235463365674139,"HMR_6662","MAR06662"
"HMR_6664",0.000386697892271663,0.000386697892271663,0.000386697892271663,"HMR_6664","MAR06664"
"HMR_6665",0.000386697892271663,0.000386697892271663,0.000386697892271663,"HMR_6665","MAR06665"
"HMR_6668",0.000386697892271663,0.000386697892271663,0.000386697892271663,"HMR_6668","MAR06668"
"HMR_6669",0.000386697892271663,0.000386697892271663,0.000386697892271663,"HMR_6669","MAR06669"
"HMR_6672",0.000220510102903804,0.000131031434508691,0.000563536933995148,"HMR_6672","MAR06672"
"HMR_6673",-0.000548544874513637,-0.000577877758353399,-0.000539056540649047,"HMR_6673","MAR06673"
"HMR_6675",-0.000601118264588706,-0.000517729326780354,-0.000950234826266812,"HMR_6675","MAR06675"
"HMR_6676",0.000161846982241974,0.000191179866081736,0.000152358648377384,"HMR_6676","MAR06676"
"HMR_6677",0.000386697892271663,0.000386697892271663,0.000386697892271663,"HMR_6677","MAR06677"
"HMR_6678",0.000386697892271663,0.000386697892271663,0.000386697892271663,"HMR_6678","MAR06678"
"HMR_6682",0.000775644028103044,0.000775644028103044,0.000775644028103044,"HMR_6682","MAR06682"
"HMR_6687",0.000775644028103044,0.000775644028103044,0.000775644028103044,"HMR_6687","MAR06687"
"HMR_6690",-0.000775644028103044,-0.000775644028103044,-0.000775644028103044,"HMR_6690","MAR06690"
"HMR_6691",-0.000775644028103044,-0.000775644028103044,-0.000775644028103044,"HMR_6691","MAR06691"
"HMR_6692",0.000775644028103044,0.000775644028103044,0.000775644028103044,"HMR_6692","MAR06692"
"HMR_6693",0.000775644028103044,0.000775644028103044,0.000775644028103044,"HMR_6693","MAR06693"
"HMR_6700",0.000386697892271663,0.000386697892271663,0.000386697892271663,"HMR_6700","MAR06700"
"HMR_6701",0.000386697892271663,0.000386697892271663,0.000386697892271663,"HMR_6701","MAR06701"
"HMR_6702",0.000386697892271663,0.000386697892271663,0.000386697892271663,"HMR_6702","MAR06702"
"HMR_6703",0.000386697892271663,0.000386697892271663,0.000386697892271663,"HMR_6703","MAR06703"
"HMR_8698",0.000678199429443025,0.000494729153399648,0.000382333439570442,"HMR_8698","MAR08698"
"HMR_8702",-0.000201191244537056,-0.000185432595573441,-0.000193589829374373,"HMR_8702","MAR08702"
"HMR_8709",-0.0127671792061695,-0.0174539210815111,-0.00741279573081159,"HMR_8709","MAR08709"
"HMR_8711",-0.000342016264360397,-0.000393284295939572,-0.000332418869187019,"HMR_8711","MAR08711"
"HMR_4204",0.000775644028103044,0.000775644028103044,0.000775644028103044,"HMR_4204","MAR04204"
"HMR_8613",0.000387822014051523,0.000387822014051522,0.000387822014051522,"HMR_8613","MAR08613"
"HMR_8615",0.000775644028103045,0.000775644028103044,0.000775644028103044,"HMR_8615","MAR08615"
"HMR_8616",0.000775644028103045,0.000775644028103044,0.000775644028103044,"HMR_8616","MAR08616"
"HMR_2129",0.000386697892271663,0.000386697892271663,0.000386697892271663,"HMR_2129","MAR02129"
"HMR_2130",-0.000386697892271663,-0.000386697892271663,-0.000386697892271663,"HMR_2130","MAR02130"
"HMR_2131",0.000386697892271663,0.000386697892271663,0.000386697892271663,"HMR_2131","MAR02131"
"HMR_2132",0.000386697892271663,0.000386697892271663,0.000386697892271663,"HMR_2132","MAR02132"
"HMR_2133",0.000386697892271663,0.000386697892271663,0.000386697892271663,"HMR_2133","MAR02133"
"HMR_2134",0.000386697892271663,0.000386697892271663,0.000386697892271663,"HMR_2134","MAR02134"
"HMR_2135",0.000386697892271663,0.000386697892271663,0.000386697892271663,"HMR_2135","MAR02135"
"HMR_2136",0.000386697892271663,0.000386697892271663,0.000386697892271663,"HMR_2136","MAR02136"
"HMR_2137",0.000386697892271663,0.000386697892271663,0.000386697892271663,"HMR_2137","MAR02137"
"HMR_2139",0.000386697892271663,0.000386697892271663,0.000386697892271663,"HMR_2139","MAR02139"
"HMR_2142",0.000386697892271663,0.000386697892271663,0.000386697892271663,"HMR_2142","MAR02142"
"HMR_2143",0.000386697892271663,0.000386697892271663,0.000386697892271663,"HMR_2143","MAR02143"
"HMR_2144",0.000386697892271663,0.000386697892271663,0.000386697892271663,"HMR_2144","MAR02144"
"HMR_2145",0.000386697892271663,0.000386697892271663,0.000386697892271663,"HMR_2145","MAR02145"
"HMR_6426",0.000775644028103044,0.000775644028103044,0.000775644028103044,"HMR_6426","MAR06426"
"HMR_6428",0.000775644028103044,0.000775644028103044,0.000775644028103044,"HMR_6428","MAR06428"
"HMR_6432",0.000775644028103044,0.000775644028103044,0.000775644028103044,"HMR_6432","MAR06432"
"HMR_6433",0.000775644028103044,0.000775644028103044,0.000775644028103044,"HMR_6433","MAR06433"
"HMR_6434",0.000775644028103044,0.000775644028103044,0.000775644028103044,"HMR_6434","MAR06434"
"HMR_6435",0.000775644028103044,0.000775644028103044,0.000775644028103044,"HMR_6435","MAR06435"
"HMR_6436",0.000775644028103044,0.000775644028103044,0.000775644028103044,"HMR_6436","MAR06436"
"HMR_6441",0.000775644028103044,0.000764719464326945,0.000775644028103044,"HMR_6441","MAR06441"
"HMR_6443",0.000775644028103044,0.000764719464326945,0.000775644028103044,"HMR_6443","MAR06443"
"HMR_6447",0.000775644028103044,0.000764719464326945,0.000775644028103044,"HMR_6447","MAR06447"
"HMR_6448",0.000775644028103044,0.000764719464326945,0.000775644028103044,"HMR_6448","MAR06448"
"HMR_6450",0.000775644028103044,0.000764719464326945,0.000775644028103044,"HMR_6450","MAR06450"
"HMR_6451",0.000775644028103044,0.000764719464326945,0.000775644028103044,"HMR_6451","MAR06451"
"HMR_6453",0.000775644028103044,0.000775644028103044,0.000775644028103044,"HMR_6453","MAR06453"
"HMR_6490",0.000366445997530003,0.000360510604611832,0.000249314151890264,"HMR_6490","MAR06490"
"HMR_6492",-0.000409198030572984,-0.000415133423491212,-0.00052632987621278,"HMR_6492","MAR06492"
"HMR_5127",-0.0229403603650682,-0.0414865022676067,-0.0114208747404203,"HMR_5127","MAR05127"
"HMR_5406",-0.00011053715097232,-0.000903895032505853,0,"HMR_5406","MAR05406"
"HMR_8617",0.000775644028103045,0.000775644028103044,0.000775644028103044,"HMR_8617","MAR08617"
"HMR_8749",0.00011053715097232,0.000903895032505853,0,"HMR_8749","MAR08749"
"HMR_0018",-0.478662295081967,-0.478662295081967,-0.478662295081967,"HMR_0018","MAR00018"
"HMR_0167",-58.9974322668851,-57.7296041584071,-66.7545784743468,"HMR_0167","MAR00167"
"HMR_0173",-0.000464047693385573,-0.000350238340479946,-0.000379500205609609,"HMR_0173","MAR00173"
"HMR_0352",0.00027530834617755,0.000282419011553911,0.00029016393442623,"HMR_0352","MAR00352"
"HMR_0376",7.86767315799417e-05,0.000177471366940531,0.00019532695474487,"HMR_0376","MAR00376"
"HMR_0770",-0.0155299668039677,-0.00580030381949474,-0.0226429145854193,"HMR_0770","MAR00770"
"HMR_3959",-11.7855931949013,-18.6601523590937,-5.14756284117633,"HMR_3959","MAR03959"
"HMR_4063",-0.000775644028103044,-0.000775644028103044,-0.000775644028103044,"HMR_4063","MAR04063"
"HMR_4845",0.880817354632236,20.7716894066149,0,"HMR_4845","MAR04845"
"HMR_4847",0.0253984738028368,0.0126647925497212,0.0510819816589988,"HMR_4847","MAR04847"
"HMR_4848",0,0,0.000398739474431014,"HMR_4848","MAR04848"
"HMR_4858",0,-107.622237762015,0,"HMR_4858","MAR04858"
"HMR_4885",-770.842624491317,-733.886443079295,-773.043009325973,"HMR_4885","MAR04885"
"HMR_4896",-0.00139169619901383,-0.000517533322865711,-0.00103409130824919,"HMR_4896","MAR04896"
"HMR_4919",0.00033929771770776,0.00901735918872079,0.000169535535379557,"HMR_4919","MAR04919"
"HMR_4947",-1.12674628518363,-1.11519845719811,-1.12867004475032,"HMR_4947","MAR04947"
"HMR_4958",0.00392149697862801,0.00241590319218132,0,"HMR_4958","MAR04958"
"HMR_4969",-0.0353283372365341,-0.0353283372365383,-0.0353283372365221,"HMR_4969","MAR04969"
"HMR_4983",0.00248241806332115,0.00256687791769259,0.00884113558624147,"HMR_4983","MAR04983"
"HMR_4985",-0.610820681143471,-0.590006605403287,-0.622972146692524,"HMR_4985","MAR04985"
"HMR_4990",-0.219341047498571,-0.487749806349615,-0.0757244489938088,"HMR_4990","MAR04990"
"HMR_5003",-0.0927175135098497,-0.118192915029435,-0.113176106994377,"HMR_5003","MAR05003"
"HMR_5029",-0.00212820839828084,-112.658358771763,-0.00660035343150429,"HMR_5029","MAR05029"
"HMR_5034",-0.00807766373842984,-0.00183451835065536,-0.0075968043938889,"HMR_5034","MAR05034"
"HMR_5037",-0.015310026639025,-0.0222351574336313,-0.00720503493974597,"HMR_5037","MAR05037"
"HMR_5038",0.0231459847054542,0,0,"HMR_5038","MAR05038"
"HMR_5041",0.00436126795625957,0.00142186891842861,0.00360545332887254,"HMR_5041","MAR05041"
"HMR_5070",-0.0181422633646204,0,668.8489863178,"HMR_5070","MAR05070"
"HMR_5073",0,0,0.424069601674086,"HMR_5073","MAR05073"
"HMR_5074",-0.0225111508602409,-0.0805328495563546,35.5100774171964,"HMR_5074","MAR05074"
"HMR_5077",0.0654984890003504,0.235177851288846,0.92855267035815,"HMR_5077","MAR05077"
"HMR_5078",0.17356962742861,132.007500032605,-35.7142857142857,"HMR_5078","MAR05078"
"HMR_5079",0.0578568366251442,0,0,"HMR_5079","MAR05079"
"HMR_5080",-0.00778786258275093,-0.027860804169278,8.81666961654944,"HMR_5080","MAR05080"
"HMR_5082",-0.0300534179129248,-0.107515044364548,0.857628462775012,"HMR_5082","MAR05082"
"HMR_5084",0.0144308469638017,0.0258129234422931,0.130038893246592,"HMR_5084","MAR05084"
"HMR_5085",-0.0323445582881813,-0.114614348385394,-0.426942957510873,"HMR_5085","MAR05085"
"HMR_5088",0,0,9.34194244915829,"HMR_5088","MAR05088"
"HMR_5089",-0.0531473639565546,-0.190132823168519,-0.864785279357645,"HMR_5089","MAR05089"
"HMR_5091",0.0448934776595549,0.160604835570802,0.522309750499304,"HMR_5091","MAR05091"
"HMR_5092",-0.0355306865330358,-0.127109779991424,-0.7006635757373,"HMR_5092","MAR05092"
"HMR_5129",0.0150669239568257,0.00807258712388909,0,"HMR_5129","MAR05129"
"HMR_5303",-843.957899393304,-843.946516702635,-843.986141142679,"HMR_5303","MAR05303"
"HMR_5305",0.147346662739544,0.0113622811778782,0.00368087642327554,"HMR_5305","MAR05305"
"HMR_5307",2.342533424337,3.68020577814895,0.224787822014051,"HMR_5307","MAR05307"
"HMR_5314",0.143113961164691,0.170829377201725,0.0251719136835064,"HMR_5314","MAR05314"
"HMR_5315",0.060555739987391,0.106553920242768,0,"HMR_5315","MAR05315"
"HMR_5316",0.231558548624045,0.326722909046489,0,"HMR_5316","MAR05316"
"HMR_5318",0.0225111508602408,0.00384449648711946,0,"HMR_5318","MAR05318"
"HMR_5319",0.0585712888634536,0.106553920242768,0,"HMR_5319","MAR05319"
"HMR_5322",0.0668669309778901,0,0,"HMR_5322","MAR05322"
"HMR_5324",0.016995445241476,0,0,"HMR_5324","MAR05324"
"HMR_5326",0.0757327284049369,0.26287782053588,0,"HMR_5326","MAR05326"
"HMR_5330",5.8095106456465,7.67290209693527,4.49558867297803,"HMR_5330","MAR05330"
"HMR_5430",651.377302437883,4.44111700684821,0,"HMR_5430","MAR05430"
"HMR_5435",0.727071003073404,0.298629617139217,0,"HMR_5435","MAR05435"
"HMR_5436",41.2815487156689,42.6173589825614,34.3643023824273,"HMR_5436","MAR05436"
"HMR_5458",-1.66991755032956,-0.685941402010421,-0.897424857811977,"HMR_5458","MAR05458"
"HMR_5459",-0.522198069538737,-0.478205939642926,0,"HMR_5459","MAR05459"
"HMR_5460",0.199985198593768,0.154552128368571,0,"HMR_5460","MAR05460"
"HMR_5461",0.0292852569658301,0.00792550230049181,0.00252832050853129,"HMR_5461","MAR05461"
"HMR_5462",0.0211237935422007,0.029854972457697,0.00505664101706259,"HMR_5462","MAR05462"
"HMR_5463",1.63695045407927,0.885492653596393,2.35707934935916,"HMR_5463","MAR05463"
"HMR_5464",0.860015664759584,0.44293067255995,0.714729039812647,"HMR_5464","MAR05464"
"HMR_5465",-0.403355511935643,-0.153740877029023,-0.498866902104009,"HMR_5465","MAR05465"
"HMR_5466",1.46267805322964,0.606358636378332,1.13551425225828,"HMR_5466","MAR05466"
"HMR_5467",3.48757479145684,1.47942278457177,2.96063249099917,"HMR_5467","MAR05467"
"HMR_5468",-0.266518364712608,-0.0716666917410028,0,"HMR_5468","MAR05468"
"HMR_5469",2.90832747520385,1.8618579432391,1.88283921043827,"HMR_5469","MAR05469"
"HMR_5470",2.15111543150409,1.50780450125284,1.52821418534627,"HMR_5470","MAR05470"
"HMR_5472",1.92948188985901,1.37172472870006,1.44352644697222,"HMR_5472","MAR05472"
"HMR_5473",-0.506233513675043,-1.50501433097486,-1.45225583923468,"HMR_5473","MAR05473"
"HMR_5474",-0.0648968411735418,-0.348553075303335,-0.299141619270659,"HMR_5474","MAR05474"
"HMR_5477",0,0,0.266027634660421,"HMR_5477","MAR05477"
"HMR_5482",-0.13048097190372,-0.350343545254802,-2.11230501074347,"HMR_5482","MAR05482"
"HMR_5488",0.000557424994006899,0.000997084144209524,0.0796148042823688,"HMR_5488","MAR05488"
"HMR_5489",0.0011148499880138,0.00498542072104763,0,"HMR_5489","MAR05489"
"HMR_5490",0.299806642202511,0.913877877098657,0.954196018735361,"HMR_5490","MAR05490"
"HMR_5491",0.147080801785023,0.603996371672659,36.224806457009,"HMR_5491","MAR05491"
"HMR_5493",0.463427568275277,0.848958656859188,0.572257577785213,"HMR_5493","MAR05493"
"HMR_5494",0.243983418466134,0.945830074179999,1.46739584143934,"HMR_5494","MAR05494"
"HMR_5496",0.786471479201273,1.50935210467304,1.40071669454667,"HMR_5496","MAR05496"
"HMR_5497",0.774781702183148,1.11149406617985,0.545417765138843,"HMR_5497","MAR05497"
"HMR_5499",0.505955639971233,0.889768459939968,0.476584192037471,"HMR_5499","MAR05499"
"HMR_5500",0,-0.032394471748524,0,"HMR_5500","MAR05500"
"HMR_5501",0,0.00199416828841905,0.00252832050853129,"HMR_5501","MAR05501"
"HMR_5502",-0.299996857769828,-0.376302655275918,-0.408941150886584,"HMR_5502","MAR05502"
"HMR_5503",0.0457165133046896,0.402664247781773,0.306312445633992,"HMR_5503","MAR05503"
"HMR_5504",-0.0689277194356323,-0.203667915087238,-0.337746958429078,"HMR_5504","MAR05504"
"HMR_5505",-0.122198122775636,-0.68058678629152,-0.726573101371697,"HMR_5505","MAR05505"
"HMR_5506",-0.203319515388445,-0.737327441344115,-0.693871221967648,"HMR_5506","MAR05506"
"HMR_5508",0.212589455826218,1.00241382722565,0.723183773837404,"HMR_5508","MAR05508"
"HMR_5509",0.097982802319021,1.07726977099384,0.610871963867515,"HMR_5509","MAR05509"
"HMR_5511",-0.189897704180421,-0.907549790546558,-0.48347112746738,"HMR_5511","MAR05511"
"HMR_5518",0,0.0313973876043145,0,"HMR_5518","MAR05518"
"HMR_5528",0.0011148499880138,0.0039883365768381,0.00252832050853129,"HMR_5528","MAR05528"
"HMR_5535",0,0,-0.133013817330211,"HMR_5535","MAR05535"
"HMR_5537",0.179592970550815,0.26878761091137,0.272627433924389,"HMR_5537","MAR05537"
"HMR_5545",0.0932283243283108,0.161065699112709,0.306312445633991,"HMR_5545","MAR05545"
"HMR_5552",0.0424509315395988,0.146497884981383,0.255160954151055,"HMR_5552","MAR05552"
"HMR_5558",0.187530775046565,0.253663594682851,0.435943860823016,"HMR_5558","MAR05558"
"HMR_5563",0.0406639030776891,0.385401775233653,0.184439846102375,"HMR_5563","MAR05563"
"HMR_5568",0.403211698537683,0.422310636947946,0.723183773837404,"HMR_5568","MAR05568"
"HMR_5569",0.268081082077855,0.321209671141604,1.22174392773503,"HMR_5569","MAR05569"
"HMR_5570",0,0,0.123615865283989,"HMR_5570","MAR05570"
"HMR_5571",0.402394759814859,0.5429395367696,0.805785212445631,"HMR_5571","MAR05571"
"HMR_5573",0,0,0.123615865283989,"HMR_5573","MAR05573"
"HMR_5580",0.258715491711077,0.803831447702609,1.03250628972901,"HMR_5580","MAR05580"
"HMR_5602",0.902876913699829,0.323627844328303,1.48809275769654,"HMR_5602","MAR05602"
"HMR_5617",0.119913574004537,0.073014691427252,0,"HMR_5617","MAR05617"
"HMR_5632",0.20598376586646,0,0.245227032452325,"HMR_5632","MAR05632"
"HMR_5647",0.0275442512308899,0.00398833657683808,0.586020521714231,"HMR_5647","MAR05647"
"HMR_5649",0.0011148499880138,0.00199416828841905,0.00505664101706259,"HMR_5649","MAR05649"
"HMR_5650",0.000557424994006899,0,0,"HMR_5650","MAR05650"
"HMR_5657",0.0011148499880138,0,8.88731665569297,"HMR_5657","MAR05657"
"HMR_5662",0.012221080971436,0.00199416828841905,0.0707605862397289,"HMR_5662","MAR05662"
"HMR_5664",0,0.0039883365768381,0.00252832050853129,"HMR_5664","MAR05664"
"HMR_5665",0,0.0039883365768381,0.00758496152559388,"HMR_5665","MAR05665"
"HMR_5666",0,0,8.88731665569297,"HMR_5666","MAR05666"
"HMR_5672",0.0011148499880138,0.00199416828841905,0.00252832050853129,"HMR_5672","MAR05672"
"HMR_5907",0.0001587932655959,0.0245371507734935,2.77015724322516e-05,"HMR_5907","MAR05907"
"HMR_5955",0.00371542901399621,0,0,"HMR_5955","MAR05955"
"HMR_5994",0.00316298117716199,0.0022506613666823,0.00306886993439859,"HMR_5994","MAR05994"
"HMR_5995",0.000305450477944159,0.000475223074679773,0,"HMR_5995","MAR05995"
"HMR_5996",0.000128512434979474,0.0003097005499773,0.000495718781664575,"HMR_5996","MAR05996"
"HMR_5997",0.0112141168684118,0.0110447827714436,0.011657566143436,"HMR_5997","MAR05997"
"HMR_6051",0.000962693829561963,0.000915644838248713,0.000958020982701588,"HMR_6051","MAR06051"
"HMR_6055",0.00396839336813658,0,0,"HMR_6055","MAR06055"
"HMR_6060",-0.163428927479708,-0.161497926575848,-0.163773275342924,"HMR_6060","MAR06060"
"HMR_6095",-0.000182610011648402,-0.000155223801827357,-0.00018644362663098,"HMR_6095","MAR06095"
"HMR_6096",0.00396839336813658,0,0,"HMR_6096","MAR06096"
"HMR_6103",-0.000348181478196586,0,0,"HMR_6103","MAR06103"
"HMR_6250",-0.000147594060773409,-0.000117098657518884,-0.00012429575108732,"HMR_6250","MAR06250"
"HMR_6353",2.09859539272898,0,0,"HMR_6353","MAR06353"
"HMR_6356",0.0437346222458554,0.0288039162397999,0.0443200016525314,"HMR_6356","MAR06356"
"HMR_6357",8.16362336089151,0,0,"HMR_6357","MAR06357"
"HMR_6359",0.0949085856813959,0.101643563677145,0.0980387043436918,"HMR_6359","MAR06359"
"HMR_6360",0.0918053601972886,0.104796469212752,0.0935154623010541,"HMR_6360","MAR06360"
"HMR_6361",0.464934096013249,0.474103670157915,0.465836337382099,"HMR_6361","MAR06361"
"HMR_6366",-0.0218105267910743,-0.0259071205962072,-0.0287465707594513,"HMR_6366","MAR06366"
"HMR_6377",0.0144308469638017,0,0,"HMR_6377","MAR06377"
"HMR_6380",7.39513765642393,144.786229685925,12.0951543404264,"HMR_6380","MAR06380"
"HMR_6381",4.56436958646447,8.79140622855509,9.97885266145097,"HMR_6381","MAR06381"
"HMR_6382",4.4338265411431,6.33819629174469,9.4043833419855,"HMR_6382","MAR06382"
"HMR_6384",1.94422368843239,2.97589644094073,671.854413049149,"HMR_6384","MAR06384"
"HMR_6424",-0.000775644028103044,-0.000775644028103044,-0.000775644028103044,"HMR_6424","MAR06424"
"HMR_6439",0.000775644028103044,0.000764719464326945,0.000775644028103044,"HMR_6439","MAR06439"
"HMR_6505",-0.000775644028103045,-0.000775644028103044,-0.000775644028103044,"HMR_6505","MAR06505"
"HMR_6512",-0.00077564402810305,-0.000775644028102248,-0.00077564402810305,"HMR_6512","MAR06512"
"HMR_6628",0.00699097280514102,0.0073706946152508,0.0066145061363635,"HMR_6628","MAR06628"
"HMR_7684",0.567262071682567,1.30355396199694,0.299425704633746,"HMR_7684","MAR07684"
"HMR_7685",-0.567262071682567,-1.30355396199694,-0.299425704633746,"HMR_7685","MAR07685"
"HMR_7735",-0.000769536594810895,-0.00071009664544703,-0.000775644028103044,"HMR_7735","MAR07735"
"HMR_8010",-0.00116009367681499,-0.00116009367681499,-0.00116009367681499,"HMR_8010","MAR08010"
"HMR_8077",0.000695444352203113,0.000768856197293048,0.00132739586698504,"HMR_8077","MAR08077"
"HMR_8374",-0.272434638073824,-0.254790370371763,-0.284059092651395,"HMR_8374","MAR08374"
"HMR_8408",-0.000231574589435794,0,-1.70374627104865e-19,"HMR_8408","MAR08408"
"HMR_8551",0.000348181478196586,0,0,"HMR_8551","MAR08551"
"HMR_8612",0.000775644028103045,0.000775644028103044,0.000775644028103044,"HMR_8612","MAR08612"
"HMR_8659",0,0.310448316506859,0,"HMR_8659","MAR08659"
"HMR_8660",10.9019759024905,19.3365546275568,9.90319177784644,"HMR_8660","MAR08660"
"HMR_8687",0.00443263745508004,0.00921607377726038,0.00770505538202569,"HMR_8687","MAR08687"
"HMR_8721",-0.000464420691812843,-0.000357915993747103,-0.00019770824141218,"HMR_8721","MAR08721"
"HMR_8901",-0.0277069384951289,-0.0282403411341879,-0.025946022480766,"HMR_8901","MAR08901"
"HMR_8917",6.71817662136495e-05,4.36982551043968e-05,0.000110806289729006,"HMR_8917","MAR08917"
"HMR_8938",0.163208021730475,0.181598152706266,0,"HMR_8938","MAR08938"
"HMR_9183",-0.00215950204449309,-0.000808511460940851,0,"HMR_9183","MAR09183"
"HMR_9189",11.0086346447824,20.1161274251079,9.90319177784644,"HMR_9189","MAR09189"
"HMR_9594",0,0.000429134361500624,0,"HMR_9594","MAR09594"
"HMR_9598",0,0.000430149356531255,0,"HMR_9598","MAR09598"
"HMR_9605",0.232042454226801,0.502541795051942,0,"HMR_9605","MAR09605"
"HMR_9608",0.000775644028103045,0.000775644028103044,0.000775644028103044,"HMR_9608","MAR09608"
"HMR_9617",0,0.000236395566980408,0,"HMR_9617","MAR09617"
"HMR_9640",0.0277069384951289,0.0282403411341879,0.0259460224807661,"HMR_9640","MAR09640"
"HMR_9641",2.50777773958583,2.5077907286341,2.50769201739712,"HMR_9641","MAR09641"
"HMR_9728",-7.61030444964871,-7.61030444964871,-7.61030444964871,"HMR_9728","MAR09728"
"HMR_9019",0.00113278257251952,0.000729786324854579,0.00434401671354798,"HMR_9019","MAR09019"
"HMR_0158",0.00129092767616974,0.00132910515921892,0.00121789186758921,"HMR_0158","MAR00158"
"HMR_0175",-0.000464047693385573,-0.000350238340479946,-0.000379500205609609,"HMR_0175","MAR00175"
"HMR_0446",0.000273740088329123,0.000195059818404442,0.000138507862161258,"HMR_0446","MAR00446"
"HMR_0578",0.169914754098361,0.169914754098361,0.169914754098361,"HMR_0578","MAR00578"
"HMR_0587",-0.0838245944766608,-0.0842275907243257,-0.0806133603356323,"HMR_0587","MAR00587"
"HMR_2127",0.000386697892271663,0.000386697892271663,0.000386697892271663,"HMR_2127","MAR02127"
"HMR_2141",0.000386697892271663,0.000386697892271663,0.000386697892271663,"HMR_2141","MAR02141"
"HMR_3946",0,0.000273009568360123,0,"HMR_3946","MAR03946"
"HMR_4760",0.000769536594810895,0.00071009664544703,0.000775644028103044,"HMR_4760","MAR04760"
"HMR_4874",-0.00892802759100996,-0.00590540518805211,-0.00982423765033052,"HMR_4874","MAR04874"
"HMR_4888",-0.02027367071935,-0.0193823866705588,-0.0167739630214431,"HMR_4888","MAR04888"
"HMR_4898",0.0215703351025108,0.0212674939269054,0.0202735601274277,"HMR_4898","MAR04898"
"HMR_4905",0.000775644028100452,0.000775644028094856,0.000775644028093637,"HMR_4905","MAR04905"
"HMR_4914",-0.167482319191946,-0.16770926218777,-0.167939494432578,"HMR_4914","MAR04914"
"HMR_4922",-6.67586858212231e-05,-0.000382577989082125,-0.000169535535379557,"HMR_4922","MAR04922"
"HMR_4957",0.012301008825149,0.00970926772007681,0.0136103204714551,"HMR_4957","MAR04957"
"HMR_5122",0.00892802759100996,0.00590540518805211,0.00982423765033052,"HMR_5122","MAR05122"
"HMR_5361",-0.000389138066841857,-0.000246623538012584,-0.000127266849224685,"HMR_5361","MAR05361"
"HMR_6286",0.000180731687588172,0,0.000397358855757007,"HMR_6286","MAR06286"
"HMR_6293",0.000158756482802038,0,0,"HMR_6293","MAR06293"
"HMR_6295",0.00304863614991685,0.0035743513854801,0.00349742921566769,"HMR_6295","MAR06295"
"HMR_6305",0,0.000684403659133324,0,"HMR_6305","MAR06305"
"HMR_6306",0,0.000684403659133324,0,"HMR_6306","MAR06306"
"HMR_6317",0.000369522871132015,0,0,"HMR_6317","MAR06317"
"HMR_6318",0.000369522871132015,0,0,"HMR_6318","MAR06318"
"HMR_6323",0,0,0.00341800467533499,"HMR_6323","MAR06323"
"HMR_6324",0,0,0.00341800467533499,"HMR_6324","MAR06324"
"HMR_6328",-0.0358320273813835,-0.0387759334196307,-0.0412544027537792,"HMR_6328","MAR06328"
"HMR_6389",0.00350717312706388,0.00246494979496958,0.00083364627434079,"HMR_6389","MAR06389"
"HMR_6431",0.000775644028103044,0.000775644028103044,0.000775644028103044,"HMR_6431","MAR06431"
"HMR_6438",-0.000775644028103044,-0.000775644028103044,-0.000775644028103044,"HMR_6438","MAR06438"
"HMR_6446",0.000775644028103044,0.000764719464326945,0.000775644028103044,"HMR_6446","MAR06446"
"HMR_6454",0.000775644028103044,0.000775644028103044,0.000775644028103044,"HMR_6454","MAR06454"
"HMR_7638",0.0127176517230351,0.0161921137572785,0.00887703342233599,"HMR_7638","MAR07638"
"HMR_8009",0.000386697892271663,0.000386697892271663,0.000386697892271663,"HMR_8009","MAR08009"
"HMR_8614",0.000775644028103045,0.000775644028103044,0.000775644028103044,"HMR_8614","MAR08614"
"HMR_8891",0.0811764638337873,0.0822973674358063,0.0839852229126783,"HMR_8891","MAR08891"
"HMR_8639",0.500234192037471,0.500234192037471,0.500234192037471,"HMR_8639","MAR08639"
"HMR_0796",-0.000329801397774097,-0.000316812349505657,-0.00041552358648361,"HMR_0796","MAR00796"
"HMR_3987",0.0298474849063112,0.0373678040474584,0.0284198839227047,"HMR_3987","MAR03987"
"HMR_4887",0.0308368890996447,0.0383182410959645,0.0296664546821587,"HMR_4887","MAR04887"
"HMR_4907",0.000329801397774643,0.000316812349505759,0.000415523586483805,"HMR_4907","MAR04907"
"HMR_4962",0.0600247712104017,0.0750524204444166,0.0572552914318941,"HMR_4962","MAR04962"
"HMR_5047",0.00032980139777441,0.000316812349505764,0.000415523586484064,"HMR_5047","MAR05047"
"HMR_7570",0.000164900698889522,0.000158406174749959,0.000207761793242414,"HMR_7570","MAR07570"
"HMR_8887",-0.000329801397779045,-0.000316812349499918,-0.000415523586484829,"HMR_8887","MAR08887"
"HMR_2777",0.000146233496927143,0.000126691295312863,0.000155444964871194,"HMR_2777","MAR02777"
"HMR_4765",-0.00020408788062326,-0.000231474090444305,-0.000193348946135831,"HMR_4765","MAR04765"
"HMR_4846",-0.000146233496927143,-0.000126691295312863,-0.000155444964871194,"HMR_4846","MAR04846"
"HMR_4883",-0.00352102005422133,-0.00350205827988434,-0.00348140515222482,"HMR_4883","MAR04883"
"HMR_4894",0.00425592505854801,0.00425592505854801,0.00425592505854801,"HMR_4894","MAR04894"
"HMR_5347",-0.000146233496927145,-0.000126691295312863,-0.000155444964871194,"HMR_5347","MAR05347"
"HMR_6629",0.00305509235795666,0.00307405413229364,0.00309470725995316,"HMR_6629","MAR06629"
"HMR_7778",7.92298039930096e-05,4.13062553190329e-05,2.32329036961181e-20,"HMR_7778","MAR07778"
"HMR_7780",7.92298039930098e-05,4.13062553190329e-05,-5.42101086242752e-20,"HMR_7780","MAR07780"
"HMR_8716",0.000418359180512272,0.000403039247658197,0.000387822014051522,"HMR_8716","MAR08716"
"HMR_9809",0.00129092767616974,0.0013298759763663,0.00121789186758921,"HMR_9809","MAR09809"
"HMR_9811",58.9974322668851,57.7296041584071,66.7545784743468,"HMR_9811","MAR09811"
"HMR_9813",0.000464047693385573,0.000350238340479946,0.000379500205609609,"HMR_9813","MAR09813"
"HMR_9038",-1.70736588909993,-2.17206499323811,-1.97292044161927,"HMR_9038","MAR09038"
"HMR_9039",-3.2948192289826,-4.1662443393556,-3.91003055466,"HMR_9039","MAR09039"
"HMR_9040",-0.0919171941998839,-0.27129706702103,-0.298329976580796,"HMR_9040","MAR09040"
"HMR_9041",-0.258318508547087,-0.827756822904641,-1.03195225828036,"HMR_9041","MAR09041"
"HMR_9042",-0.0771695034022388,-0.0786969506627969,-0.24915068584811,"HMR_9042","MAR09042"
"HMR_9043",-0.268154007975994,-0.319090885670632,-0.136313716962195,"HMR_9043","MAR09043"
"HMR_9044",-3.4125872241486,-4.44126066567481,-4.42855759258696,"HMR_9044","MAR09044"
"HMR_9045",-0.044477287060429,-0.080648711943794,-0.164162509960037,"HMR_9045","MAR09045"
"HMR_9046",-4.50686143389027,-5.15732686181252,-5.74349651098489,"HMR_9046","MAR09046"
"HMR_9048",-0.00116012160957826,-0.000517533322865761,-0.00103409130824919,"HMR_9048","MAR09048"
"HMR_9058",0.000183658255557736,2.28814279117328e-05,5.80207636333221e-05,"HMR_9058","MAR09058"
"HMR_9061",-6.06181968837043,-7.64276790353934,-7.14021381889239,"HMR_9061","MAR09061"
"HMR_9062",-2.94936493901457,-3.5202631359802,-3.41283416375339,"HMR_9062","MAR09062"
"HMR_9063",-4.13315178180892,-4.9896933330813,-4.62860990297758,"HMR_9063","MAR09063"
"HMR_9064",-1.19106360589809,-1.69503433717057,-2.04208297089328,"HMR_9064","MAR09064"
"HMR_9065",-0.725367146782198,-0.823221368341742,-1.22181370793073,"HMR_9065","MAR09065"
"HMR_9067",18.8353864261571,10.1646416252429,15.8165402963029,"HMR_9067","MAR09067"
"HMR_9068",-2.00959205377492,-2.81470772526207,-2.76659769153563,"HMR_9068","MAR09068"
"HMR_9069",-3.71767979292732,-3.16202979668268,-5.61614799375518,"HMR_9069","MAR09069"
"HMR_9072",57.8203949071835,92.7385202905943,56.8676038896563,"HMR_9072","MAR09072"
"HMR_9078",0.00888379501987209,0.00797116188467826,0.00783520719472226,"HMR_9078","MAR09078"
"HMR_9079",142.943067483433,119.494312583917,164.974786441805,"HMR_9079","MAR09079"
"HMR_9103",-0.219341047498571,-0.487749806349615,-0.0757244489938088,"HMR_9103","MAR09103"
"HMR_9107",-0.000769536594810895,-0.00071009664544703,-0.000775644028103044,"HMR_9107","MAR09107"
"HMR_9108",-262.416355248966,-250.765200396113,-262.746643198327,"HMR_9108","MAR09108"
"HMR_9109",-0.000152685832303749,-8.73965102087937e-05,-5.54031448645031e-05,"HMR_9109","MAR09109"
"HMR_9110",-0.000622958195799298,-0.00068824751789425,-0.000720240883238541,"HMR_9110","MAR09110"
"HMR_9122",-0.000164900698889522,-0.000158406174749959,-0.000207761793242414,"HMR_9122","MAR09122"
"HMR_9140",0.00148276890371894,0.00334191934902829,0,"HMR_9140","MAR09140"
"HMR_9143",-0.000775644028103045,-0.000775644028103044,-0.000775644028103044,"HMR_9143","MAR09143"
"HMR_9146",4.47546757123362,7.04753829862936,1.99325351206037,"HMR_9146","MAR09146"
"HMR_9147",-0.00699097280514102,-0.0073706946152508,-0.0066145061363635,"HMR_9147","MAR09147"
"HMR_9152",-0.000775644028103044,-0.000775644028103044,-0.000775644028103044,"HMR_9152","MAR09152"
"HMR_9154",-0.000775644028103044,-0.000764719464326945,-0.000775644028103044,"HMR_9154","MAR09154"
"HMR_9159",-0.000775644028103044,-0.000775644028103044,-0.000775644028103044,"HMR_9159","MAR09159"
"HMR_9166",-0.272434638073824,-0.254790370371763,-0.284059092651395,"HMR_9166","MAR09166"
"HMR_9167",-0.000775644028103045,-0.000775644028103044,-0.000775644028103044,"HMR_9167","MAR09167"
"HMR_9205",0.346479099346387,0.346910863646712,0.4506502360817,"HMR_9205","MAR09205"
"HMR_9206",-0.346479099346387,-0.346910863646712,-0.4506502360817,"HMR_9206","MAR09206"
"HMR_9215",-0.00116009367681499,-0.00116009367681499,-0.00116009367681499,"HMR_9215","MAR09215"
"HMR_9232",-0.201906474538085,-0.22319031088507,-0.153778178619444,"HMR_9232","MAR09232"
"HMR_9235",-1.6302830277989,-1.87126310247774,-1.3268693006488,"HMR_9235","MAR09235"
"HMR_9253",0.0253984738028368,0.0126647925497212,0.0510819816589988,"HMR_9253","MAR09253"
"HMR_9259",-0.0636214863809312,-0.0694881492810894,-0.0814991096407458,"HMR_9259","MAR09259"
"HMR_9269",-0.000775644028103045,-0.000775644028103044,-0.000775644028103044,"HMR_9269","MAR09269"
"HMR_9271",-0.000182610011648402,-0.000155223801827357,-0.000193348946135831,"HMR_9271","MAR09271"
"HMR_9273",0.000182610011648402,0.000155223801827357,0.000193348946135831,"HMR_9273","MAR09273"
"HMR_9280",-10.9019759024905,-19.6470029440636,-9.90319177784644,"HMR_9280","MAR09280"
"HMR_9285",-0.457270789374019,-0.457270789374019,-0.457270789374019,"HMR_9285","MAR09285"
"HMR_9286",-0.0148110609584974,-0.014080367762783,-0.0152221548594992,"HMR_9286","MAR09286"
"HMR_9295",-0.580797594228553,-0.59229658518735,-0.579012444376476,"HMR_9295","MAR09295"
"HMR_9300",-0.12108038042873,-0.128972553191781,-0.130390728432016,"HMR_9300","MAR09300"
"HMR_9303",0.201906474538085,0.22319031088507,0.153778178619444,"HMR_9303","MAR09303"
"HMR_9346",-0.0277069384951289,-0.0282403411341879,-0.025946022480766,"HMR_9346","MAR09346"
"HMR_9348",-0.122182310793139,-0.135104213770272,-0.1007204972408,"HMR_9348","MAR09348"
"HMR_9351",-0.178404831363291,-0.163959718969555,-0.163959718969555,"HMR_9351","MAR09351"
"HMR_9353",-0.610820681143471,-0.590006605403287,-0.622972146692524,"HMR_9353","MAR09353"
"HMR_9358",0,0,0.000398739474431014,"HMR_9358","MAR09358"
"HMR_9363",-0.00443977017004805,-0.00921607377726038,-0.00770505538202569,"HMR_9363","MAR09363"
"HMR_9378",-0.0353283372365341,-0.0353283372365383,-0.0353283372365221,"HMR_9378","MAR09378"
"HMR_9383",-11.7860563440802,-18.6601523590937,-5.14756284117633,"HMR_9383","MAR09383"
"HMR_9404",-0.00146067294952211,-0.00127356083199582,-0.00115572922411377,"HMR_9404","MAR09404"
"HMR_9406",0.00392149697862801,0.00241590319218132,0,"HMR_9406","MAR09406"
"HMR_9418",0.833729745365259,0.767754098183448,0,"HMR_9418","MAR09418"
"HMR_9421",0.515676472856011,-0.816018469110689,0.621871627973853,"HMR_9421","MAR09421"
"HMR_9423",-0.0542947040476065,-0.0332053125081479,-0.0607579416326617,"HMR_9423","MAR09423"
"HMR_9440",-1.12674628518363,-1.11519845719811,-1.12867004475032,"HMR_9440","MAR09440"
"HMR_9456",-0.00215950204449309,-0.000808511460940851,0,"HMR_9456","MAR09456"
"HMR_9463",11.0086346447824,20.1161274251079,9.90319177784644,"HMR_9463","MAR09463"
"HMR_9690",0.695896642486242,0.702743816622967,0.662279871946754,"HMR_9690","MAR09690"
"HMR_9691",-0.000775644028103044,-0.000775644028103044,-0.000775644028103044,"HMR_9691","MAR09691"
"HMR_9729",-7.61030444964871,-7.61030444964871,-7.61030444964871,"HMR_9729","MAR09729"
"ACRNtm",-0.00186210432912338,-0.00181087621726944,-0.00181170960187354,"ACRNtm","MAR00060"
"AMY2e",0.000266026049785104,0.000659416140625385,0.000825044178938036,"AMY2e","MAR00072"
"BILDGLCURtr",0.000182610011648402,0.000155223801827357,0.000193348946135831,"BILDGLCURtr","MAR00089"
"BTNt4i",0.000763429161518745,0.000775644028103044,0.000775644028103044,"BTNt4i","MAR00095"
"C180CRNt",5.57492587337682e-05,5.87224216821909e-05,8.01568772246682e-05,"C180CRNt","MAR00107"
"CITtam",-0.000138041446281566,-6.97127938018161e-05,0,"CITtam","MAR00125"
"CLS_hs",0.00113278257251952,0.000729786324854579,0.00434401671354798,"CLS_hs","MAR00129"
"EX_atp[e]",-843.957899393304,-843.946516702635,-843.986141142679,"EX_atp[e]","MAR00569"
"EX_crvnc[e]",-7.86767315799417e-05,-0.000177471366940531,-0.00019532695474487,"EX_crvnc[e]","MAR00573"
"EX_glyc_S[e]",0.00369666634627295,0.00352994310897849,0,"EX_glyc_S[e]","MAR00603"
"EX_glygn2[e]",-0.000266026049785104,-0.000659416140625385,-0.000825044178938036,"EX_glygn2[e]","MAR00606"
"EX_glygn4[e]",0.000266026049785104,0.000659416140625385,0.000825044178938036,"EX_glygn4[e]","MAR00608"
"EX_lpchol_hs[e]",-2.33786298548747,-2.33787597453574,-2.33777726329876,"EX_lpchol_hs[e]","MAR00628"
"EX_pe_hs[e]",-0.789835103934242,-0.789840895488161,-0.789675878220141,"EX_pe_hs[e]","MAR00656"
"EX_pglyc_hs[e]",-0.124742295081967,-0.124742295081967,-0.124742295081967,"EX_pglyc_hs[e]","MAR00658"
"EX_ps_hs[e]",-0.0787409836065571,-0.0787409836065573,-0.0787409836065574,"EX_ps_hs[e]","MAR00661"
"EX_strdnc[e]",-0.00027530834617755,-0.000282419011553911,-0.00029016393442623,"EX_strdnc[e]","MAR00695"
"FAOXC161802m",0.00028825915560506,0.000305600013698658,0.00029016393442623,"FAOXC161802m","MAR00764"
"FAOXC180",0.00027530834617755,0.000282419011553911,0.00029016393442623,"FAOXC180","MAR00776"
"FAOXC182806m",0.000867671501789034,0.00084921290957661,0.000742338719722267,"FAOXC182806m","MAR00785"
"FAOXC18280m",0.000529161528301278,0.000408023683280419,0.000354065762642369,"FAOXC18280m","MAR00788"
"FAOXC18480m",4.56359766061189e-05,9.25208700283713e-05,0.000153481181182887,"FAOXC18480m","MAR00818"
"FAOXC2051843m",4.56359766061189e-05,9.25208700283713e-05,0.000153481181182887,"FAOXC2051843m","MAR00923"
"FAOXC226205m",4.56359766061189e-05,9.25208700282171e-05,0.000153481181182887,"FAOXC226205m","MAR00970"
"FOLt2",-3.73429481780041,-5.33359280455774,-1.60775273929679,"FOLt2","MAR01047"
"GLCt2_2",-1.02302633930739e-15,-112.653083442638,-8.61744538161432e-16,"GLCt2_2","MAR01378"
"GLYC_St",0.00369666634627294,0.00352994310897849,0,"GLYC_St","MAR01385"
"HPYRR2x",0.00184833317313647,0.00176497155448925,0,"HPYRR2x","MAR01453"
"LNELDCCRNt",5.83832380728142e-05,4.20126141194368e-05,6.18024746592125e-05,"LNELDCCRNt","MAR01486"
"LNLCCRNt",0.00012736548633041,8.05446529622377e-05,0.000115675254226694,"LNLCCRNt","MAR01487"
"LPCHOLt",2.33786298548747,2.33787597453574,2.33777726329876,"LPCHOLt","MAR01499"
"NAHCO3_HCLt",0.0276877036719432,0.475830749115475,0.0276083090745175,"NAHCO3_HCLt","MAR01525"
"NMNATr",0.035328337236534,0.0353283372365383,0.0353283372365237,"NMNATr","MAR01542"
"PEt",0.789835103934242,0.789840895488161,0.789675878220141,"PEt","MAR01601"
"PGLYCt",0.124742295081967,0.124742295081967,0.124742295081967,"PGLYCt","MAR01607"
"PSt3",0.0787409836065571,0.0787409836065573,0.0787409836065574,"PSt3","MAR01669"
"RDH2a",0.0230162571283534,0.0302039646495887,0.0245350590133288,"RDH2a","MAR01690"
"THFt2",0.547344483260321,1.38372760959148,0.405571968041201,"THFt2","MAR01780"
"UGT1A10r",-0.000386697892271663,-0.000386697892271663,-0.000386697892271663,"UGT1A10r","MAR01820"
"XOLEST2te",0.0476590163934435,0.0476590163934423,0.0476590163934424,"XOLEST2te","MAR01827"
"EX_ahdt[e]",262.416355248966,250.765200396113,262.746643198327,"EX_ahdt[e]","MAR01871"
"EX_dha[e]",-0.00061576334331879,0,-0.0017146537303446,"EX_dha[e]","MAR01921"
"EX_fad[e]",-0.00077564402810305,-0.000775644028102248,-0.00077564402810305,"EX_fad[e]","MAR01939"
"r0193",-0.0229403603650681,-0.0414865022676068,-0.0114208747404203,"r0193","MAR02027"
"r0309",0.000161187459515114,0.000145069804439607,0.000184975919532055,"r0309","MAR02028"
"r0310",0.000127071696089946,0.000160530209259051,0.000105188014894175,"r0310","MAR02035"
"r0707",-262.416355248966,-250.765200396113,-262.746643198327,"r0707","MAR02186"
"r0791",-0.0012524113496738,-0.00129581882271886,-0.00116054939236414,"r0791","MAR02207"
"r0941",-0.00899433217084425,-0.0088750569171842,-0.00783520719472226,"r0941","MAR02225"
"r1147",0.000114123439488097,0.00020413629316885,0,"r1147","MAR02303"
"r1253",0.00027530834617755,0.000282419011553911,0.00029016393442623,"r1253","MAR02313"
"r1400",-0.000291363904978658,-0.000279524872879482,-0.000250600743358817,"r1400","MAR02340"
"r1423",331.709734725105,651.205769416169,320.565671807163,"r1423","MAR02351"
"r2373",0.00372968368951037,0.00693971495518853,0.00236394675665287,"r2373","MAR02405"
"r2510",0.000146863233783807,0.000126691295312861,0.000155444964871194,"r2510","MAR02432"
"RE1804M",0.000105012995578967,6.6950697828073e-05,0.000123103420921689,"RE1804M","MAR02885"
"RE1807M",0.000105012995578967,7.06458665293695e-05,0.000123103420921689,"RE1807M","MAR02891"
"RE2269E",2.23681762340281,2.33943887581902,3.13191559049849,"RE2269E","MAR03042"
"RE2426C",-19.705001221141,-33.6041274138084,-13.727927668414,"RE2426C","MAR03119"
"EX_HC00822[e]",-0.0298474849063112,-0.0373678040474584,-0.0284198839227047,"EX_HC00822[e]","MAR04142"
"EX_HC02192[e]",-0.727071003073404,-0.298629617139217,0,"EX_HC02192[e]","MAR04146"
"EX_HC02193[e]",-41.2815487156689,-42.6173589825614,-34.3643023824273,"EX_HC02193[e]","MAR04148"
"EX_HC02191[e]",42.0086197187423,42.9159885997006,34.3643023824273,"EX_HC02191[e]","MAR04164"
"EX_CE5786[e]",-2.2368176234028,-2.33943887581902,-3.13191559049849,"EX_CE5786[e]","MAR04341"
"EX_CE5788[e]",2.23681762340281,2.33943887581902,3.13191559049849,"EX_CE5788[e]","MAR04349"
"EX_crm_hs[e]",-2.74526719149695,-2.75499903460353,-2.73828903589969,"EX_crm_hs[e]","MAR04384"
"PIt8",-513.360341692318,-193.828352062766,-524.543576331204,"PIt8","MAR04411"
"FAOXC61C4m",0.001256583287198,0.00130328130251567,0.00116054939236414,"FAOXC61C4m","MAR06279"
"FAOXC8C6m",0.00126668046891592,0.00131447502221089,0.00116054939236414,"FAOXC8C6m","MAR06329"
"CYSSNAT5tc",0.196216402337458,0.293501767801805,0,"CYSSNAT5tc","MAR06887"
"GLYGLYCNc",-0.341966711538107,-0.341370393417871,-0.018001806624289,"GLYGLYCNc","MAR06898"
"Coqe",0.000590060484242751,0.000513454497476665,0.000554031448645035,"Coqe","MAR07819"
"EX_tdechola[e]",-0.106658742291854,-0.469124481044232,0,"EX_tdechola[e]","MAR08959"
"EX_q10[e]",-0.000590060484242751,-0.000513454497476665,-0.000554031448645035,"EX_q10[e]","MAR08966"
"EX_q10h2[e]",-0.000185583543860298,-0.000262189530626382,-0.000221612579458013,"EX_q10h2[e]","MAR08967"
"GLUPROASCT1",2.19602452732255,0.915108898340705,2.53974170897291,"GLUPROASCT1","MAR08972"
"PPItm",-0.01736759239736,-0.0191984990936643,-0.0230887766935306,"PPItm","MAR08987"
"Q10H2e",-0.000185583543860298,-0.000262189530626382,-0.000221612579458013,"Q10H2e","MAR08991"
"RPEc",0.0210144697562754,0.0126240935945205,0.0163871716075959,"RPEc","MAR08992"
"TAURCHAe",0.833729745365259,0.767754098183448,0,"TAURCHAe","MAR08995"
"q10h2tc",-0.000185583543860298,-0.000262189530626382,-0.000221612579458013,"q10h2tc","MAR08997"
"q10tm",0.00059006048424275,0.000513454497476665,0.000554031448645035,"q10tm","MAR08998"
"MAL_Lte",0.0680169057455173,0.069180026061899,0.066008361009686,"MAL_Lte","MAR09030"
"OROTGLUt",-0.695896642486242,-0.702743816622967,-0.662279871946754,"OROTGLUt","MAR09031"
"PEPtr",-0.197759457953691,-0.206752978480347,-0.199993784443153,"PEPtr","MAR09112"
"2PGtr",0.000147809290232164,0.000103922796935899,0,"2PGtr","MAR09820"
"DCMPtr",0.197634101573003,0.218723493112461,0.191170863987947,"DCMPtr","MAR09824"
"DHAPtr",0.00061576334331879,-1.36823260077044e-18,0.0017146537303446,"DHAPtr","MAR09825"
"ETHAMPtr",0.000422507306975972,0.000416715753057201,0.000581733021077283,"ETHAMPtr","MAR09827"
"FUMtr",0.0274112408147468,0.02604921506644,0.029232383076754,"FUMtr","MAR09828"
"GLCURtr",7.93966327944323e-05,9.83210739913016e-05,0.000110806289727951,"GLCURtr","MAR09830"
"ICITtr",0.00184737317671357,0.008988040050392,0.00181170960187354,"ICITtr","MAR09831"
"UDPGLCURtr",0.00620975056439713,0.00625858759112105,0.00607114084978254,"UDPGLCURtr","MAR09837"
"GLYC3tr",0.077912959079729,0.0814497315963507,0.066396629870992,"GLYC3tr","MAR09839"
"OROT5Ptr",0.734848398926523,0.741695573063248,0.701231628387035,"OROT5Ptr","MAR09841"
"EX_2pg[e]",-0.000147809290232164,-0.000103922796935899,0,"EX_2pg[e]","MAR09842"
"EX_dcmp[e]",-0.197634101573003,-0.218723493112461,-0.191170863987947,"EX_dcmp[e]","MAR09847"
"EX_ethamp[e]",-0.000422507306975972,-0.000416715753057201,-0.000581733021077283,"EX_ethamp[e]","MAR09849"
"EX_icit[e]",-0.00184737317671357,-0.008988040050392,-0.00181170960187354,"EX_icit[e]","MAR09854"
"EX_pep[e]",-0.197759457953691,-0.206752978480347,-0.199993784443153,"EX_pep[e]","MAR09858"
"EX_udpglcur[e]",-0.00620975056439713,-0.00625858759112105,-0.00607114084978254,"EX_udpglcur[e]","MAR09864"
"EX_orot5p[e]",-0.734848398926523,-0.741695573063248,-0.701231628387035,"EX_orot5p[e]","MAR09867"
"EX_glyc3p[e]",-0.077912959079729,-0.0814497315963507,-0.066396629870992,"EX_glyc3p[e]","MAR09868"
"FOLOAT1tc",-0.0635872977452896,-0.0694826922767683,-0.0814401834489768,"FOLOAT1tc","MAR09883"
"FOLOATPtc",-0.110323384005348,-0.340908839797915,-0.00463488468085648,"FOLOATPtc","MAR09885"
"GLUB0AT3tc",0.0276877036719431,0.474702296139135,0.0275806075020853,"GLUB0AT3tc","MAR09888"
"PCRNte",0.000181449628613209,0.000162874337868897,0.000226807538342852,"PCRNte","MAR09913"
"EX_pcrn[e]",0.000653033274260212,0.000530363791764945,0.000378102929486666,"EX_pcrn[e]","MAR09921"
"EX_lneldccrn[e]",-0.000531463986395655,-0.000408023683280419,-0.000354065762642369,"EX_lneldccrn[e]","MAR09922"
"HC00342te",-0.00320739263271888,-0.0035743513854801,-0.00349742921566769,"HC00342te","MAR09928"
"HXCOAc",-58.783653576299,-57.5158224253861,-66.5407967413257,"HXCOAc","MAR09949"
"LNLCCRNNAt",-0.00059129832203554,-0.00057040232999839,-0.000508243636090796,"LNLCCRNNAt","MAR09959"
"C03990t",41.8451892688299,42.7544906731247,34.2005291070844,"C03990t","MAR10011"
"C05463t2",-0.106658742291854,-0.469124481044232,0,"C05463t2","MAR10021"
"EX_forglu[e]",-0.0114299957616715,-0.00492293720749615,-0.00408874539308101,"EX_forglu[e]","MAR10242"
"EX_hxcoa[e]",-0.213781733021071,-0.213781733021071,-0.213781733021064,"EX_hxcoa[e]","MAR10250"
"EX_lnlccrn[e]",-0.000867671501789034,-0.00084921290957661,-0.000742338719722261,"EX_lnlccrn[e]","MAR10254"
"EX_mi1p_D[e]",-0.00137410431279338,-0.00049758221459907,-0.000163906031763174,"EX_mi1p_D[e]","MAR10263"
"EX_nwharg[e]",-0.000714368704781648,-4.05729000926134e-05,0,"EX_nwharg[e]","MAR10265"
"FORGLUt",-0.0114299957616715,-0.00492293720749615,-0.00408874539308101,"FORGLUt","MAR10355"
"HXCOAte",-0.213781733021071,-0.213781733021071,-0.213781733021064,"HXCOAte","MAR10375"
"LNLCCRNtd",-0.000259578655057847,-0.00027881057957822,-0.000234095083631465,"LNLCCRNtd","MAR10383"
"MI1Pt",0.00137410431279338,0.00049758221459907,0.000163906031763174,"MI1Pt","MAR10389"
"NWHARGtd",-0.000714368704781649,-4.05729000926134e-05,0,"NWHARGtd","MAR10391"
"PSERtr",-0.0187233767910159,-0.0169050367780453,-0.0210287721646035,"PSERtr","MAR10396"
"EX_pser_L[e]",-0.0187233767910159,-0.0169050367780453,-0.0210287721646035,"EX_pser_L[e]","MAR10441"
"RETINALt",-0.000203723837798824,-5.45911534782465e-05,-0.000572644567354279,"RETINALt","MAR10483"
"THBPTt",-0.000775644028103045,-0.000775644028103044,-0.000775644028103044,"THBPTt","MAR10489"
"EX_retinal[e]",-0.000203723837798824,-5.45911534782465e-05,-0.000572644567354279,"EX_retinal[e]","MAR10492"
"EX_thbpt[e]",-0.000775644028103045,-0.000775644028103044,-0.000775644028103044,"EX_thbpt[e]","MAR10496"
"EX_alaasnleu[e]",-0.130888596413296,0,-0.0142285024937907,"EX_alaasnleu[e]","MAR10499"
"EX_alahisala[e]",-0.561842173007062,-0.0972566414882738,-0.328820073603211,"EX_alahisala[e]","MAR10501"
"EX_alalysthr[e]",-0.824354360171854,-0.395014684330775,-0.419404444700939,"EX_alalysthr[e]","MAR10502"
"EX_argglygly[e]",0.341966711538107,0.341370393417873,0.018001806624289,"EX_argglygly[e]","MAR10513"
"EX_argserser[e]",-0.0147942844313045,0.0479379294004824,0,"EX_argserser[e]","MAR10520"
"EX_asntyrthr[e]",-0.0985103841029148,0,-0.157872233538327,"EX_asntyrthr[e]","MAR10531"
"EX_aspasnglu[e]",-0.0327987367612709,-0.034273315515652,-0.0372864786019068,"EX_aspasnglu[e]","MAR10533"
"EX_aspglupro[e]",-1.3946635858177,-0.878847398711115,-1.84439846102375,"EX_aspglupro[e]","MAR10535"
"EX_aspglutrp[e]",-0.0155757251655019,-0.027860804169278,-0.0706470391435263,"EX_aspglutrp[e]","MAR10536"
"EX_asplysglu[e]",-0.0452099872761807,-0.0293226242702114,-0.0743537972566075,"EX_asplysglu[e]","MAR10539"
"EX_asplyshis[e]",-0.0144085120507477,0,0,"EX_asplyshis[e]","MAR10540"
"EX_aspmetasp[e]",-1.59699280651496,-1.90514603512075,-1.52521883573101,"EX_aspmetasp[e]","MAR10541"
"EX_aspprolys[e]",-0.0201039804652455,-0.0621106510961298,-0.131180796252927,"EX_aspprolys[e]","MAR10542"
"EX_aspvalasn[e]",-0.510830181265832,-0.206333806115381,-0.126348076279692,"EX_aspvalasn[e]","MAR10543"
"EX_cysgluhis[e]",-0.000919894803357898,0,0,"EX_cysgluhis[e]","MAR10548"
"EX_cysleuthr[e]",-0.264929330153929,-0.0751724221238994,-0.105045633991301,"EX_cysleuthr[e]","MAR10550"
"EX_cyssermet[e]",-0.124383129143806,0,-0.109798721534345,"EX_cyssermet[e]","MAR10551"
"EX_gluasnleu[e]",-0.00107498573190545,0,-0.0123008029441284,"EX_gluasnleu[e]","MAR10562"
"EX_gluilelys[e]",0,-0.0293226242702114,0,"EX_gluilelys[e]","MAR10564"
"EX_gluthrlys[e]",0,-0.0293335488339879,0,"EX_gluthrlys[e]","MAR10569"
"EX_glutrpala[e]",-0.000350353993648554,0,-0.036193017628662,"EX_glutrpala[e]","MAR10570"
"EX_hisglugln[e]",0,-0.0324188804960913,0,"EX_hisglugln[e]","MAR10583"
"EX_hishislys[e]",-0.00080497565340878,0,0,"EX_hishislys[e]","MAR10585"
"EX_hislysglu[e]",-0.0155940949545685,0,0,"EX_hislysglu[e]","MAR10587"
"EX_ileglnglu[e]",-0.753273318956418,-0.108985985562755,-0.432889923163332,"EX_ileglnglu[e]","MAR10599"
"EX_ileprolys[e]",-0.0791149236167399,-0.0276123297160008,0,"EX_ileprolys[e]","MAR10601"
"EX_iletrptyr[e]",-0.000557424994006899,0,0,"EX_iletrptyr[e]","MAR10603"
"EX_leuasplys[e]",-0.000434800567961787,0,0,"EX_leuasplys[e]","MAR10606"
"EX_leuleutrp[e]",-0.000774825277987792,0,0,"EX_leuleutrp[e]","MAR10607"
"EX_leusertrp[e]",-0.00259526322200525,0,0,"EX_leusertrp[e]","MAR10610"
"EX_leutyrtyr[e]",-0.0726736290120197,-0.0858042956573853,-0.00900090331214443,"EX_leutyrtyr[e]","MAR10613"
"EX_lysargleu[e]",-5.46004588041607,-5.52285557193231,-5.15158962863834,"EX_lysargleu[e]","MAR10615"
"EX_lysgluglu[e]",-0.0391673035780369,-0.0879678728106304,-0.368841098249476,"EX_lysgluglu[e]","MAR10618"
"EX_lyslyslys[e]",-0.0557914921383681,-0.0108949830128311,-0.0029211330433813,"EX_lyslyslys[e]","MAR10619"
"EX_lystyrile[e]",-0.155419248985577,-0.0228835196014113,-0.0207007267049889,"EX_lystyrile[e]","MAR10622"
"EX_metmetile[e]",-0.0620728137604084,-0.0287706889103126,-0.0588977154010847,"EX_metmetile[e]","MAR10630"
"EX_pheleuasp[e]",-0.0306389791440004,-0.0492072299607028,0,"EX_pheleuasp[e]","MAR10637"
"EX_phephethr[e]",-0.0711127036467031,-0.0568147621143604,0,"EX_phephethr[e]","MAR10643"
"EX_proglnpro[e]",-0.000272588467425161,0,0,"EX_proglnpro[e]","MAR10655"
"EX_prolyspro[e]",-0.0224870741280652,0,-0.00876339913014393,"EX_prolyspro[e]","MAR10660"
"EX_propropro[e]",-0.513282640263772,-0.455641909349248,-0.134870647931304,"EX_propropro[e]","MAR10663"
"EX_provalgln[e]",-0.0749164762155979,-0.0141118580334466,0,"EX_provalgln[e]","MAR10666"
"EX_serglyglu[e]",0.0859894493286677,0,0,"EX_serglyglu[e]","MAR10670"
"EX_thrasntyr[e]",-0.0373319498759171,0,0,"EX_thrasntyr[e]","MAR10675"
"EX_thrglnglu[e]",-0.169681630642012,-0.0370433972917489,-0.130188546991242,"EX_thrglnglu[e]","MAR10676"
"EX_thrglntyr[e]",-0.0572683370834997,-0.0021471563809082,0,"EX_thrglntyr[e]","MAR10677"
"EX_thrtyrmet[e]",-0.121317558552302,-0.106153794098821,-0.0284647708263634,"EX_thrtyrmet[e]","MAR10684"
"EX_trpaspasp[e]",-0.542656866652068,-0.62265825136516,-0.5019277208864,"EX_trpaspasp[e]","MAR10687"
"EX_trpproval[e]",-0.000557424994006899,0,0,"EX_trpproval[e]","MAR10706"
"EX_trpthrglu[e]",0,0,-0.0353235195717631,"EX_trpthrglu[e]","MAR10708"
"EX_trpthrile[e]",-0.1671402303998,-0.128577702279249,-0.0898782697661289,"EX_trpthrile[e]","MAR10709"
"EX_trpthrtyr[e]",-0.0011148499880138,0,0,"EX_trpthrtyr[e]","MAR10710"
"EX_trptyrtyr[e]",-0.000557424994006899,0,0,"EX_trptyrtyr[e]","MAR10712"
"EX_trpvalasp[e]",0,0,-0.00505664101706257,"EX_trpvalasp[e]","MAR10713"
"EX_tyralaphe[e]",-0.177130750080848,-0.0867402949976738,-0.0619688169802413,"EX_tyralaphe[e]","MAR10715"
"EX_tyrcysthr[e]",-0.476123103997917,-0.429953529634906,-0.306736650790441,"EX_tyrcysthr[e]","MAR10720"
"EX_tyrphetyr[e]",-0.0371500654870972,-0.0448500616077029,0,"EX_tyrphetyr[e]","MAR10723"
"EX_tyrvalmet[e]",-0.209508002500533,-0.105978469931661,-0.223088182892659,"EX_tyrvalmet[e]","MAR10727"
"EX_valleuphe[e]",-0.908831256875695,-0.858621727181197,-0.479986151236554,"EX_valleuphe[e]","MAR10730"
"EX_vallystyr[e]",-0.112808704204717,-0.148716342904463,0,"EX_vallystyr[e]","MAR10731"
"EX_valtrpval[e]",-0.212700871267892,-0.129313078251887,-0.085869830035788,"EX_valtrpval[e]","MAR10736"
"ALAASNLEUt",0.130888596413296,0,0.0142285024937907,"ALAASNLEUt","MAR10741"
"ALAHISALAt",0.561842173007062,0.0972566414882738,0.328820073603211,"ALAHISALAt","MAR10743"
"ALALYSTHRt",0.824354360171854,0.395014684330775,0.419404444700939,"ALALYSTHRt","MAR10744"
"ARGGLYGLYt",-0.341966711538107,-0.341370393417873,-0.018001806624289,"ARGGLYGLYt","MAR10755"
"ARGSERSERt",0.0147942844313045,-0.0479379294004824,0,"ARGSERSERt","MAR10762"
"ASNTYRTHRt",0.0985103841029148,0,0.157872233538327,"ASNTYRTHRt","MAR10773"
"ASPASNGLUt",0.0327987367612709,0.034273315515652,0.0372864786019068,"ASPASNGLUt","MAR10775"
"ASPGLUPROt",1.3946635858177,0.878847398711115,1.84439846102375,"ASPGLUPROt","MAR10777"
"ASPGLUTRPt",0.0155757251655019,0.027860804169278,0.0706470391435263,"ASPGLUTRPt","MAR10778"
"ASPLYSGLUt",0.0452099872761807,0.0293226242702114,0.0743537972566075,"ASPLYSGLUt","MAR10781"
"ASPLYSHISt",0.0144085120507477,0,0,"ASPLYSHISt","MAR10782"
"ASPMETASPt",1.59699280651496,1.90514603512075,1.52521883573101,"ASPMETASPt","MAR10783"
"ASPPROLYSt",0.0201039804652455,0.0621106510961298,0.131180796252927,"ASPPROLYSt","MAR10784"
"ASPVALASNt",0.510830181265832,0.206333806115381,0.126348076279692,"ASPVALASNt","MAR10785"
"CYSGLUHISt",0.000919894803357877,0,0,"CYSGLUHISt","MAR10790"
"CYSLEUTHRt",0.264929330153929,0.0751724221238994,0.105045633991301,"CYSLEUTHRt","MAR10792"
"CYSSERMETt",0.124383129143806,0,0.109798721534345,"CYSSERMETt","MAR10793"
"GLUASNLEUt",0.00107498573190545,0,0.0123008029441284,"GLUASNLEUt","MAR10804"
"GLUILELYSt",0,0.0293226242702114,0,"GLUILELYSt","MAR10806"
"GLUTHRLYSt",0,0.0293335488339879,0,"GLUTHRLYSt","MAR10811"
"GLUTRPALAt",0.000350353993648554,0,0.036193017628662,"GLUTRPALAt","MAR10812"
"HISGLUGLNt",0,0.0324188804960913,0,"HISGLUGLNt","MAR10825"
"HISHISLYSt",0.00080497565340878,0,0,"HISHISLYSt","MAR10827"
"HISLYSGLUt",0.0155940949545685,0,0,"HISLYSGLUt","MAR10829"
"ILEGLNGLUt",0.753273318956418,0.108985985562755,0.432889923163332,"ILEGLNGLUt","MAR10841"
"ILEPROLYSt",0.0791149236167399,0.0276123297160008,0,"ILEPROLYSt","MAR10843"
"ILETRPTYRt",0.000557424994006899,0,0,"ILETRPTYRt","MAR10845"
"LEUASPLYSt",0.00043480056796179,0,0,"LEUASPLYSt","MAR10848"
"LEULEUTRPt",0.000774825277987791,0,0,"LEULEUTRPt","MAR10849"
"LEUSERTRPt",0.00259526322200525,0,0,"LEUSERTRPt","MAR10852"
"LEUTYRTYRt",0.0726736290120197,0.0858042956573853,0.00900090331214443,"LEUTYRTYRt","MAR10855"
"LYSARGLEUt",5.46004588041607,5.52285557193231,5.15158962863834,"LYSARGLEUt","MAR10857"
"LYSGLUGLUt",0.0391673035780355,0.0879678728106304,0.368841098249476,"LYSGLUGLUt","MAR10860"
"LYSLYSLYSt",0.0557914921383678,0.0108949830128311,0.0029211330433813,"LYSLYSLYSt","MAR10861"
"LYSTYRILEt",0.155419248985577,0.0228835196014113,0.0207007267049889,"LYSTYRILEt","MAR10864"
"METMETILEt",0.0620728137604084,0.0287706889103126,0.0588977154010847,"METMETILEt","MAR10872"
"PHELEUASPt",0.030638979144,0.0492072299607028,0,"PHELEUASPt","MAR10879"
"PHEPHETHRt",0.0711127036467034,0.0568147621143604,0,"PHEPHETHRt","MAR10885"
"PROGLNPROt",0.000272588467425161,0,0,"PROGLNPROt","MAR10897"
"PROLYSPROt",0.0224870741280652,0,0.00876339913014393,"PROLYSPROt","MAR10902"
"PROPROPROt",0.513282640263772,0.455641909349248,0.134870647931304,"PROPROPROt","MAR10905"
"PROVALGLNt",0.0749164762155979,0.0141118580334466,0,"PROVALGLNt","MAR10908"
"SERGLYGLUt",-0.0859894493286677,0,0,"SERGLYGLUt","MAR10912"
"THRASNTYRt",0.0373319498759171,0,0,"THRASNTYRt","MAR10917"
"THRGLNGLUt",0.169681630642012,0.0370433972917489,0.130188546991242,"THRGLNGLUt","MAR10918"
"THRGLNTYRt",0.0572683370834997,0.0021471563809082,0,"THRGLNTYRt","MAR10919"
"THRTYRMETt",0.121317558552302,0.106153794098821,0.0284647708263634,"THRTYRMETt","MAR10926"
"TRPASPASPt",0.542656866652068,0.62265825136516,0.5019277208864,"TRPASPASPt","MAR10929"
"TRPPROVALt",0.000557424994006899,0,0,"TRPPROVALt","MAR10948"
"TRPTHRGLUt",0,0,0.0353235195717631,"TRPTHRGLUt","MAR10950"
"TRPTHRILEt",0.1671402303998,0.128577702279249,0.0898782697661289,"TRPTHRILEt","MAR10951"
"TRPTHRTYRt",0.0011148499880138,0,0,"TRPTHRTYRt","MAR10952"
"TRPTYRTYRt",0.000557424994006899,0,0,"TRPTYRTYRt","MAR10954"
"TRPVALASPt",0,0,0.00505664101706257,"TRPVALASPt","MAR10955"
"TYRALAPHEt",0.177130750080848,0.0867402949976738,0.0619688169802413,"TYRALAPHEt","MAR10957"
"TYRCYSTHRt",0.476123103997917,0.429953529634906,0.306736650790441,"TYRCYSTHRt","MAR10962"
"TYRPHETYRt",0.0371500654870967,0.0448500616077029,0,"TYRPHETYRt","MAR10965"
"TYRVALMETt",0.209508002500533,0.105978469931661,0.223088182892659,"TYRVALMETt","MAR10969"
"VALLEUPHEt",0.908831256875695,0.858621727181197,0.479986151236554,"VALLEUPHEt","MAR10972"
"VALLYSTYRt",0.112808704204717,0.148716342904463,0,"VALLYSTYRt","MAR10973"
"VALTRPVALt",0.212700871267892,0.129313078251887,0.085869830035788,"VALTRPVALt","MAR10978"
"ALAASNLEUr",0.130888596413296,0,0.0142285024937907,"ALAASNLEUr","MAR10983"
"ALAHISALAr",0.561842173007062,0.0972566414882738,0.328820073603211,"ALAHISALAr","MAR10985"
"ALALYSTHRr",0.824354360171854,0.395014684330775,0.419404444700939,"ALALYSTHRr","MAR10986"
"ARGGLYGLYr",0.341966711538107,0.341370393417873,0.018001806624289,"ARGGLYGLYr","MAR10997"
"ARGSERSERr",0.0147942844313046,-0.0479379294004824,0,"ARGSERSERr","MAR11004"
"ASNTYRTHRr",0.0985103841029148,0,0.157872233538327,"ASNTYRTHRr","MAR11015"
"ASPASNGLUr",0.0327987367612709,0.034273315515652,0.0372864786019068,"ASPASNGLUr","MAR11017"
"ASPGLUPROr",1.3946635858177,0.878847398711115,1.84439846102375,"ASPGLUPROr","MAR11019"
"ASPGLUTRPr",0.0155757251655019,0.02786080416928,0.0706470391435263,"ASPGLUTRPr","MAR11020"
"ASPLYSGLUr",0.0452099872761807,0.0293226242702114,0.0743537972566075,"ASPLYSGLUr","MAR11023"
"ASPLYSHISr",0.0144085120507477,0,0,"ASPLYSHISr","MAR11024"
"ASPMETASPr",1.59699280651496,1.90514603512075,1.52521883573101,"ASPMETASPr","MAR11025"
"ASPPROLYSr",0.0201039804652455,0.0621106510961298,0.131180796252927,"ASPPROLYSr","MAR11026"
"ASPVALASNr",0.510830181265832,0.206333806115385,0.126348076279692,"ASPVALASNr","MAR11027"
"CYSGLUHISr",0.000919894803357877,0,0,"CYSGLUHISr","MAR11032"
"CYSLEUTHRr",0.264929330153929,0.0751724221238994,0.105045633991301,"CYSLEUTHRr","MAR11034"
"CYSSERMETr",0.124383129143806,0,0.109798721534345,"CYSSERMETr","MAR11035"
"GLUASNLEUr",0.00107498573190545,0,0.0123008029441284,"GLUASNLEUr","MAR11046"
"GLUILELYSr",-6.99353086378051e-18,0.0293226242702114,-2.57481369191327e-17,"GLUILELYSr","MAR11048"
"GLUTHRLYSr",1.25665007708556e-18,0.0293335488339879,0,"GLUTHRLYSr","MAR11053"
"GLUTRPALAr",0.000350353993648555,0,0.036193017628662,"GLUTRPALAr","MAR11054"
"HISGLUGLNr",6.99353086378051e-18,0.0324188804960913,0,"HISGLUGLNr","MAR11067"
"HISHISLYSr",0.00080497565340878,0,0,"HISHISLYSr","MAR11069"
"HISLYSGLUr",0.0155940949545685,0,0,"HISLYSGLUr","MAR11071"
"ILEGLNGLUr",0.753273318956418,0.108985985562755,0.432889923163332,"ILEGLNGLUr","MAR11083"
"ILEPROLYSr",0.0791149236167399,0.0276123297160008,0,"ILEPROLYSr","MAR11085"
"ILETRPTYRr",0.000557424994006899,0,0,"ILETRPTYRr","MAR11087"
"LEUASPLYSr",0.00043480056796179,2.58635053905635e-15,-3.1720657846433e-17,"LEUASPLYSr","MAR11090"
"LEULEUTRPr",0.000774825277987791,0,-7.93016446160825e-18,"LEULEUTRPr","MAR11091"
"LEUSERTRPr",0.00259526322200525,0,0,"LEUSERTRPr","MAR11094"
"LEUTYRTYRr",0.0726736290120197,0.0858042956573853,0.00900090331214443,"LEUTYRTYRr","MAR11097"
"LYSARGLEUr",5.46004588041607,5.52285557193231,5.15158962863834,"LYSARGLEUr","MAR11099"
"LYSGLUGLUr",0.0391673035780355,0.0879678728106304,0.368841098249476,"LYSGLUGLUr","MAR11102"
"LYSLYSLYSr",0.0557914921383678,0.0108949830128311,0.0029211330433813,"LYSLYSLYSr","MAR11103"
"LYSTYRILEr",0.155419248985577,0.0228835196014112,0.0207007267049888,"LYSTYRILEr","MAR11106"
"METMETILEr",0.0620728137604084,0.0287706889103134,0.0588977154010847,"METMETILEr","MAR11114"
"PHELEUASPr",0.0306389791439997,0.0492072299607028,0,"PHELEUASPr","MAR11121"
"PHEPHETHRr",0.0711127036467034,0.0568147621143604,0,"PHEPHETHRr","MAR11127"
"PROGLNPROr",0.000272588467425161,0,0,"PROGLNPROr","MAR11139"
"PROLYSPROr",0.0224870741280652,0,0.00876339913014393,"PROLYSPROr","MAR11144"
"PROPROPROr",0.513282640263772,0.455641909349248,0.134870647931304,"PROPROPROr","MAR11147"
"PROVALGLNr",0.0749164762155982,0.0141118580334466,0,"PROVALGLNr","MAR11150"
"SERGLYGLUr",-0.0859894493286677,0,0,"SERGLYGLUr","MAR11154"
"THRASNTYRr",0.0373319498759171,3.127388801761e-18,0,"THRASNTYRr","MAR11159"
"THRGLNGLUr",0.169681630642012,0.0370433972917489,0.130188546991242,"THRGLNGLUr","MAR11160"
"THRGLNTYRr",0.0572683370834997,0.00214715638090819,0,"THRGLNTYRr","MAR11161"
"THRTYRMETr",0.121317558552303,0.106153794098821,0.0284647708263633,"THRTYRMETr","MAR11168"
"TRPASPASPr",0.542656866652068,0.62265825136516,0.5019277208864,"TRPASPASPr","MAR11171"
"TRPPROVALr",0.000557424994006899,0,0,"TRPPROVALr","MAR11190"
"TRPTHRGLUr",-1.74838271594513e-18,0,0.0353235195717631,"TRPTHRGLUr","MAR11192"
"TRPTHRILEr",0.1671402303998,0.128577702279249,0.0898782697661289,"TRPTHRILEr","MAR11193"
"TRPTHRTYRr",0.0011148499880138,0,0,"TRPTHRTYRr","MAR11194"
"TRPTYRTYRr",0.000557424994006899,0,0,"TRPTYRTYRr","MAR11196"
"TRPVALASPr",0,0,0.00505664101706257,"TRPVALASPr","MAR11197"
"TYRALAPHEr",0.177130750080848,0.0867402949976738,0.0619688169802413,"TYRALAPHEr","MAR11199"
"TYRCYSTHRr",0.476123103997917,0.429953529634906,0.306736650790441,"TYRCYSTHRr","MAR11204"
"TYRPHETYRr",0.0371500654870967,0.0448500616077029,0,"TYRPHETYRr","MAR11207"
"TYRVALMETr",0.209508002500534,0.105978469931661,0.223088182892659,"TYRVALMETr","MAR11211"
"VALLEUPHEr",0.908831256875695,0.858621727181197,0.479986151236554,"VALLEUPHEr","MAR11214"
"VALLYSTYRr",0.112808704204717,0.148716342904463,-8.10053908871314e-18,"VALLYSTYRr","MAR11215"
"VALTRPVALr",0.212700871267892,0.129313078251887,0.085869830035788,"VALTRPVALr","MAR11220"
"LNELDCCRNtr",0.000531463986395655,0.000408023683280419,0.000354065762642369,"LNELDCCRNtr","MAR11272"
"PCRNtr",-0.000439966988512869,-0.000315733661608489,-0.000141268081368305,"PCRNtr","MAR11275"
"EX_sphmyln_hs[e]",-0.000329801397773581,-0.000316812349505253,-0.000415523586483408,"EX_sphmyln_hs[e]","MAR11281"
"HXAt3",-58.783653576299,-57.5158224253861,-66.5407967413257,"HXAt3","MAR11292"
"EX_hxa[e]",-58.783653576299,-57.5158224253861,-66.5407967413257,"EX_hxa[e]","MAR11293"
"EX_HC00342[e]",-0.00320739263271888,-0.0035743513854801,-0.00349742921566769,"EX_HC00342[e]","MAR11350"
"PGLYCtm",-0.0838245944766608,-0.0842275907243257,-0.0806133603356323,"PGLYCtm","MAR11371"
"ADNCNT3tc",-0.880817354632236,-20.7716894066149,0,"ADNCNT3tc","MAR11395"
"BUTt2r",-0.000243743112457809,-0.00039922072016326,-0.000145116267752011,"BUTt2r","MAR11396"
"EX_fum[e]",-0.0274112408147468,-0.02604921506644,-0.029232383076754,"EX_fum[e]","MAR11400"
"EX_mal_L[e]",-0.0680169057455173,-0.069180026061899,-0.066008361009686,"EX_mal_L[e]","MAR11404"
"GALt2_2",-0.00148276890371965,-107.625579681364,-4.14190011653406e-15,"GALt2_2","MAR11410"
"INSt2",-10.2622187536205,0,0,"INSt2","MAR11415"
"EX_glcur[e]",-7.93966327944323e-05,-9.83210739913016e-05,-0.000110806289727951,"EX_glcur[e]","MAR11424"
"THMt3",0.000769536594810894,0.000775644028103044,0.000775644028103044,"THMt3","MAR11433"
"EX_phpyr[e]",-0.0158359846816087,-0.00520547547580566,-0.00659979926396789,"EX_phpyr[e]","MAR11438"
"PHPYRte",0.0158359846816087,0.00520547547580566,0.00659979926396789,"PHPYRte","MAR11442"
"2M3OVCOAm",0.000299327710736291,0.000155845212518591,0.000244839209003513,"2M3OVCOAm","MAR11486"
"2M3OVACm",0.000299327710736291,0.000155845212518591,0.000244839209003513,"2M3OVACm","MAR11487"
"2M3OVACtm",0.000299327710736291,0.000155845212518591,0.000244839209003513,"2M3OVACtm","MAR11488"
"2M3HVACc",0.000299327710736291,0.000155845212518591,0.000244839209003513,"2M3HVACc","MAR11489"
"2M3HVACte",0.000299327710736291,0.000155845212518591,0.000244839209003513,"2M3HVACte","MAR11490"
"EX_2m3hvac[e]",0.000299327710736291,0.000155845212518591,0.000244839209003513,"EX_2m3hvac[e]","MAR11491"
"PAIL_hs_t1e",0.286782950819672,0.286782950819672,0.286782950819672,"PAIL_hs_t1e","MAR11649"
"MLTHFte3",3.36163666031883,4.36103237106904,1.28903148341353,"MLTHFte3","MAR11800"
"1A25DHVITD3te",0.000386697892271663,0.000386697892271663,0.000386697892271663,"1A25DHVITD3te","MAR11815"
"13_CIS_RETNte",-0.00180121120379098,-0.0016964126025416,-0.00211370086842138,"13_CIS_RETNte","MAR11894"
"EX_13_cis_retn[e]",-0.00180121120379098,-0.0016964126025416,-0.00211370086842138,"EX_13_cis_retn[e]","MAR11895"
"CE1617te",-0.000386697892271663,-0.000386697892271663,-0.000386697892271663,"CE1617te","MAR11896"
"EX_CE1617[e]",-0.000386697892271663,-0.000386697892271663,-0.000386697892271663,"EX_CE1617[e]","MAR11897"
"EX_sphings[e]",2.50777773958583,2.5077907286341,2.50769201739712,"EX_sphings[e]","MAR11947"
"EX_mlthf[e]",-3.36163666031883,-4.36103237106904,-1.28903148341353,"EX_mlthf[e]","MAR11953"
"SPHGNte",0.000694058575669845,0.000717856550091686,0.000387822014051522,"SPHGNte","MAR11958"
"EX_sphgn[e]",-0.000694058575669845,-0.000717856550091686,-0.000387822014051522,"EX_sphgn[e]","MAR11959"
"EX_1a25dhvitd3[e]",-0.000386697892271663,-0.000386697892271663,-0.000386697892271663,"EX_1a25dhvitd3[e]","MAR11965"
"FDPte",-0.169994326272652,-0.169158615181895,-0.170287901418429,"FDPte","MAR11973"
"EX_fdp[e]",-0.169994326272652,-0.169158615181895,-0.170287901418429,"EX_fdp[e]","MAR11974"
"CRMte",2.74526719149695,2.75499903460353,2.73828903589969,"CRMte","MAR12040"
"EX_gluside_hs[e]",-0.0155299668039677,-0.00580030381949474,-0.0226429145854193,"EX_gluside_hs[e]","MAR12043"
"NEU22",0.0277069384951289,0.0282403411341879,0.025946022480766,"NEU22","MAR12067"
"NEU24",0.0277069384951289,0.0282403411341879,0.025946022480766,"NEU24","MAR12068"
"SPHMYLNtl2",0.000329801397773581,0.000316812349505253,0.000415523586483408,"SPHMYLNtl2","MAR12085"
"EX_pail_hs[e]",-0.286782950819672,-0.286782950819672,-0.286782950819672,"EX_pail_hs[e]","MAR12127"
"EX_h2co3[e]",0.000155639462150024,0.00899447776080906,0.000111514771746235,"EX_h2co3[e]","MAR13066"
"CYOOm3i",0.0126292053385518,0.00950031115636423,0.0128620468544241,"CYOOm3i","MAR13081"
"HMR_10023",18.7353629976581,18.7353629976581,18.7353629976581,"HMR_10023",NA
"HMR_10024",18.7353629976581,18.7353629976581,18.7353629976581,"HMR_10024",NA
"HMR_10027",0.0277069384951289,0.0282403411341878,0.0259460224807661,"HMR_10027",NA
"HMR_10046",0.253713477290751,0.253726466339019,0.253627755102041,"HMR_10046",NA
"HMR_10047",0.253713477290751,0.253726466339019,0.253627755102041,"HMR_10047",NA
"HMR_10049",-0.00113278257251952,-0.000729786324854579,-0.00434401671354798,"HMR_10049",NA
"HMR_10062",100,100,100,"HMR_10062",NA
"HMR_10063",4.14426229508197,4.14426229508197,4.14426229508197,"HMR_10063",NA
"HMR_10064",9.05854800936768,9.05854800936768,9.05854800936768,"HMR_10064",NA
"HMR_10065",0.0224824355971897,0.0224824355971897,0.0224824355971897,"HMR_10065",NA
"biomass_human",18.7353629976581,18.7353629976581,18.7353629976581,"biomass_human",NA
